station_id,time_new,duration,kwh
3578081,2023-01-07 08:00:00,0.0833333333333333,0.0416666666666666
3578081,2023-01-07 08:05:00,0.0833333333333333,0.0416666666666666
3578081,2023-01-07 08:10:00,0.0833333333333333,0.0416666666666666
3578081,2023-01-07 08:15:00,0.0833333333333333,0.0416666666666666
3578081,2023-01-07 08:20:00,0.0833333333333333,0.0416666666666666
3578081,2023-01-07 08:25:00,0.0833333333333333,0.0416666666666666
3578081,2023-01-07 08:30:00,0.0833333333333333,0.0416666666666666
3578081,2023-01-07 08:35:00,0.0833333333333333,0.0416666666666666
3578081,2023-01-07 08:40:00,0.0833333333333333,0.0416666666666666
3578081,2023-01-07 08:45:00,0.0833333333333333,0.15
3578081,2023-01-07 08:50:00,0.0833333333333333,0.0416666666666666
3578081,2023-01-07 08:55:00,0.0833333333333333,0.0416666666666666
3578081,2023-01-07 09:00:00,0.0833333333333333,0.0416666666666666
3578081,2023-01-07 09:05:00,0.0833333333333333,0.0416666666666666
3578081,2023-01-07 09:10:00,0.0833333333333333,0.0416666666666666
3578081,2023-01-07 09:15:00,0.0833333333333333,0.0416666666666666
3578081,2023-01-07 09:20:00,0.0833333333333333,0.0416666666666666
3578081,2023-01-07 09:25:00,0.0833333333333333,0.0416666666666666
3578081,2023-01-07 09:30:00,0.0833333333333333,0.0416666666666666
3578081,2023-01-07 09:35:00,0.0833333333333333,0.0416666666666666
3578081,2023-01-07 09:40:00,0.0833333333333333,0.0416666666666666
3578081,2023-01-07 09:45:00,0.0833333333333333,0.0416666666666666
3578081,2023-01-07 09:50:00,0.0833333333333333,0.0416666666666666
3578081,2023-01-07 09:55:00,0.0833333333333333,0.0416666666666666
3578081,2023-01-07 10:00:00,0.0833333333333333,0.0416666666666666
3578081,2023-01-07 10:05:00,0.0833333333333333,0.0416666666666666
3578081,2023-01-07 10:10:00,0.0833333333333333,0.0416666666666666
3578081,2023-01-07 10:15:00,0.0833333333333333,0.0416666666666666
3578081,2023-01-07 10:20:00,0.0833333333333333,0.0416666666666666
3578081,2023-01-07 10:25:00,0.0833333333333333,0.0416666666666666
3578081,2023-01-07 10:30:00,0.0833333333333333,0.0416666666666666
3578081,2023-01-07 10:35:00,0.0833333333333333,0.0416666666666666
3578081,2023-01-07 10:40:00,0.0833333333333333,0.0416666666666666
3578081,2023-01-07 10:45:00,0.0833333333333333,0.0416666666666666
3578081,2023-01-07 10:50:00,0.0833333333333333,0.15
3578081,2023-01-07 10:55:00,0.0833333333333333,0.0416666666666666
3578081,2023-01-07 11:00:00,0.0833333333333333,0.0416666666666666
3578081,2023-01-07 11:05:00,0.0833333333333333,0.0416666666666666
3578081,2023-01-07 11:10:00,0.0,0.0
3578081,2023-01-07 11:15:00,0.0,0.0
3578081,2023-01-07 11:20:00,0.0,0.0
3578081,2023-01-07 11:25:00,0.0,0.0
3578081,2023-01-07 11:30:00,0.0,0.0
3578081,2023-01-07 11:35:00,0.0,0.0
3578081,2023-01-07 11:40:00,0.0,0.0
3578081,2023-01-07 11:45:00,0.0,0.0
3578081,2023-01-07 11:50:00,0.0,0.0
3578081,2023-01-07 11:55:00,0.0,0.0
3578081,2023-01-07 12:00:00,0.0,0.0
3578081,2023-01-07 12:05:00,0.0,0.0
3578081,2023-01-07 12:10:00,0.0,0.0
3578081,2023-01-07 12:15:00,0.0,0.0
3578081,2023-01-07 12:20:00,0.0,0.0
3578081,2023-01-07 12:25:00,0.0,0.0
3578081,2023-01-07 12:30:00,0.0,0.0
3578081,2023-01-07 12:35:00,0.0,0.0
3578081,2023-01-07 12:40:00,0.0,0.0
3578081,2023-01-07 12:45:00,0.0,0.0
3578081,2023-01-07 12:50:00,0.0,0.0
3578081,2023-01-07 12:55:00,0.0,0.0
3578081,2023-01-07 13:00:00,0.0,0.0
3578081,2023-01-07 13:05:00,0.0,0.0
3578081,2023-01-07 13:10:00,0.0,0.0
3578081,2023-01-07 13:15:00,0.0,0.0
3578081,2023-01-07 13:20:00,0.0,0.0
3578081,2023-01-07 13:25:00,0.0,0.0
3578081,2023-01-07 13:30:00,0.0,0.0
3578081,2023-01-07 13:35:00,0.0,0.0
3578081,2023-01-07 13:40:00,0.0,0.0
3578081,2023-01-07 13:45:00,0.0,0.0
3578081,2023-01-07 13:50:00,0.0,0.0
3578081,2023-01-07 13:55:00,0.0,0.0
3578081,2023-01-07 14:00:00,0.0,0.0
3578081,2023-01-07 14:05:00,0.0,0.0
3578081,2023-01-07 14:10:00,0.0833333333333333,0.5499999999999999
3578081,2023-01-07 14:15:00,0.0833333333333333,0.5499999999999999
3578081,2023-01-07 14:20:00,0.0833333333333333,0.5499999999999999
3578081,2023-01-07 14:25:00,0.0833333333333333,0.5499999999999999
3578081,2023-01-07 14:30:00,0.0833333333333333,0.5499999999999999
3578081,2023-01-07 14:35:00,0.0833333333333333,0.5499999999999999
3578081,2023-01-07 14:40:00,0.0833333333333333,0.5499999999999999
3578081,2023-01-07 14:45:00,0.0833333333333333,0.5499999999999999
3578081,2023-01-07 14:50:00,0.0833333333333333,0.5499999999999999
3578081,2023-01-07 14:55:00,0.0833333333333333,0.5499999999999999
3578081,2023-01-07 15:00:00,0.0833333333333333,0.5499999999999999
3578081,2023-01-07 15:05:00,0.0833333333333333,0.5499999999999999
3578081,2023-01-07 15:10:00,0.0833333333333333,0.5499999999999999
3578081,2023-01-07 15:15:00,0.0833333333333333,0.5499999999999999
3578081,2023-01-07 15:20:00,0.0833333333333333,0.5499999999999999
3578081,2023-01-07 15:25:00,0.0833333333333333,0.5499999999999999
3578081,2023-01-07 15:30:00,0.0833333333333333,0.5499999999999999
3578081,2023-01-07 15:35:00,0.0833333333333333,0.5
3578081,2023-01-07 15:40:00,0.0833333333333333,0.3999999999999999
3578081,2023-01-07 15:45:00,0.0833333333333333,0.3333333333333333
3578081,2023-01-07 15:50:00,0.0833333333333333,0.2749999999999999
3578081,2023-01-07 15:55:00,0.0833333333333333,0.2416666666666666
3578081,2023-01-07 16:00:00,0.0833333333333333,0.2083333333333333
3578081,2023-01-07 16:05:00,0.0833333333333333,0.1833333333333333
3578081,2023-01-07 16:10:00,0.0833333333333333,0.1833333333333333
3578081,2023-01-07 16:15:00,0.0833333333333333,0.1583333333333333
3578081,2023-01-07 16:20:00,0.0833333333333333,0.15
3578081,2023-01-07 16:25:00,0.0833333333333333,0.15
3578081,2023-01-07 16:30:00,0.0833333333333333,0.15
3578081,2023-01-07 16:35:00,0.0833333333333333,0.15
3578081,2023-01-07 16:40:00,0.0833333333333333,0.15
3578081,2023-01-07 16:45:00,0.0833333333333333,0.15
3578081,2023-01-07 16:50:00,0.0833333333333333,0.15
3578081,2023-01-07 16:55:00,0.0833333333333333,0.5499999999999999
3578081,2023-01-07 17:00:00,0.0833333333333333,0.15
3578081,2023-01-07 17:05:00,0.0833333333333333,0.15
3578081,2023-01-07 17:10:00,0.0833333333333333,0.15
3578081,2023-01-07 17:15:00,0.0833333333333333,0.15
3578081,2023-01-07 17:20:00,0.0833333333333333,0.5499999999999999
3578081,2023-01-07 17:25:00,0.0833333333333333,0.15
3578081,2023-01-07 17:30:00,0.0833333333333333,0.5499999999999999
3578081,2023-01-07 17:35:00,0.0833333333333333,0.5499999999999999
3578081,2023-01-07 17:40:00,0.0833333333333333,0.15
3578081,2023-01-07 17:45:00,0.0833333333333333,0.0416666666666666
3578081,2023-01-07 17:50:00,0.0833333333333333,0.0416666666666666
3578081,2023-01-07 17:55:00,0.0833333333333333,0.0416666666666666
3578081,2023-01-07 18:00:00,0.0833333333333333,0.0416666666666666
3578081,2023-01-07 18:05:00,0.0833333333333333,0.0416666666666666
3578081,2023-01-07 18:10:00,0.0833333333333333,0.0416666666666666
3578081,2023-01-07 18:15:00,0.0833333333333333,0.0416666666666666
3578081,2023-01-07 18:20:00,0.0833333333333333,0.0416666666666666
3578081,2023-01-07 18:25:00,0.0833333333333333,0.0416666666666666
3578081,2023-01-07 18:30:00,0.0833333333333333,0.0416666666666666
3578081,2023-01-07 18:35:00,0.0833333333333333,0.0416666666666666
3578081,2023-01-07 18:40:00,0.0833333333333333,0.0416666666666666
3578081,2023-01-07 18:45:00,0.0833333333333333,0.0416666666666666
3578081,2023-01-07 18:50:00,0.0833333333333333,0.0416666666666666
3578081,2023-01-07 18:55:00,0.0833333333333333,0.0416666666666666
3578081,2023-01-07 19:00:00,0.0833333333333333,0.0416666666666666
3578081,2023-01-07 19:05:00,0.0833333333333333,0.0416666666666666
3578081,2023-01-07 19:10:00,0.0833333333333333,0.0416666666666666
3578081,2023-01-07 19:15:00,0.0833333333333333,0.0416666666666666
3578081,2023-01-07 19:20:00,0.0833333333333333,0.0416666666666666
3578081,2023-01-07 19:25:00,0.0833333333333333,0.0416666666666666
3578081,2023-01-07 19:30:00,0.0833333333333333,0.0416666666666666
3578081,2023-01-07 19:35:00,0.0833333333333333,0.0416666666666666
3578081,2023-01-07 19:40:00,0.0833333333333333,0.0416666666666666
3578081,2023-01-07 19:45:00,0.0833333333333333,0.0416666666666666
3578081,2023-01-07 19:50:00,0.0833333333333333,0.0416666666666666
3578081,2023-01-07 19:55:00,0.0833333333333333,0.15
3578081,2023-01-07 20:00:00,0.0833333333333333,0.0416666666666666
3578081,2023-01-07 20:05:00,0.0833333333333333,0.0416666666666666
3578081,2023-01-07 20:10:00,0.0833333333333333,0.0416666666666666
3578081,2023-01-07 20:15:00,0.0833333333333333,0.0416666666666666
3578081,2023-01-07 20:20:00,0.0833333333333333,0.0416666666666666
3578081,2023-01-07 20:25:00,0.0833333333333333,0.0416666666666666
3578081,2023-01-07 20:30:00,0.0833333333333333,0.0416666666666666
3578081,2023-01-07 20:35:00,0.0833333333333333,0.0416666666666666
3578081,2023-01-07 20:40:00,0.0833333333333333,0.0416666666666666
3578081,2023-01-07 20:45:00,0.0833333333333333,0.0416666666666666
3578081,2023-01-07 20:50:00,0.0833333333333333,0.0416666666666666
3578081,2023-01-07 20:55:00,0.0833333333333333,0.0416666666666666
3578081,2023-01-07 21:00:00,0.0833333333333333,0.15
3578081,2023-01-07 21:05:00,0.0833333333333333,0.0416666666666666
3578081,2023-01-07 21:10:00,0.0833333333333333,0.0416666666666666
3578081,2023-01-07 21:15:00,0.0833333333333333,0.0416666666666666
3578081,2023-01-07 21:20:00,0.0833333333333333,0.0416666666666666
3578081,2023-01-07 21:25:00,0.0833333333333333,0.0416666666666666
3578081,2023-01-07 21:30:00,0.0833333333333333,0.0416666666666666
3578081,2023-01-07 21:35:00,0.0833333333333333,0.0416666666666666
3578081,2023-01-07 21:40:00,0.0833333333333333,0.0416666666666666
3578081,2023-01-07 21:45:00,0.0833333333333333,0.0416666666666666
3578081,2023-01-07 21:50:00,0.0833333333333333,0.0416666666666666
3578081,2023-01-07 21:55:00,0.0833333333333333,0.0416666666666666
3578081,2023-01-07 22:00:00,0.0833333333333333,0.0416666666666666
3578081,2023-01-07 22:05:00,0.0833333333333333,0.0416666666666666
3578081,2023-01-07 22:10:00,0.0833333333333333,0.0416666666666666
3578081,2023-01-07 22:15:00,0.0833333333333333,0.0416666666666666
3578081,2023-01-07 22:20:00,0.0833333333333333,0.0416666666666666
3578081,2023-01-07 22:25:00,0.0833333333333333,0.0416666666666666
3578081,2023-01-07 22:30:00,0.0833333333333333,0.0416666666666666
3578081,2023-01-07 22:35:00,0.0833333333333333,0.0416666666666666
3578081,2023-01-07 22:40:00,0.0833333333333333,0.0416666666666666
3578081,2023-01-07 22:45:00,0.0833333333333333,0.0416666666666666
3578081,2023-01-07 22:50:00,0.0833333333333333,0.0416666666666666
3578081,2023-01-07 22:55:00,0.0833333333333333,0.0416666666666666
3578081,2023-01-07 23:00:00,0.0833333333333333,0.0416666666666666
3578081,2023-01-07 23:05:00,0.0833333333333333,0.15
3578081,2023-01-07 23:10:00,0.0833333333333333,0.0416666666666666
3578081,2023-01-07 23:15:00,0.0833333333333333,0.0416666666666666
3578081,2023-01-07 23:20:00,0.0833333333333333,0.0416666666666666
3578081,2023-01-07 23:25:00,0.0833333333333333,0.0416666666666666
3578081,2023-01-07 23:30:00,0.0833333333333333,0.0416666666666666
3578081,2023-01-07 23:35:00,0.0833333333333333,0.0416666666666666
3578081,2023-01-07 23:40:00,0.0833333333333333,0.0416666666666666
3578081,2023-01-07 23:45:00,0.0833333333333333,0.0416666666666666
3578081,2023-01-07 23:50:00,0.0833333333333333,0.0416666666666666
3578081,2023-01-07 23:55:00,0.0833333333333333,0.0416666666666666
3578081,2023-01-08 00:00:00,0.0833333333333333,0.0416666666666666
3578081,2023-01-08 00:05:00,0.0833333333333333,0.0416666666666666
3578081,2023-01-08 00:10:00,0.0833333333333333,0.15
3578081,2023-01-08 00:15:00,0.0833333333333333,0.0416666666666666
3578081,2023-01-08 00:20:00,0.0833333333333333,0.0416666666666666
3578081,2023-01-08 00:25:00,0.0833333333333333,0.0416666666666666
3578081,2023-01-08 00:30:00,0.0833333333333333,0.0416666666666666
3578081,2023-01-08 00:35:00,0.0833333333333333,0.0416666666666666
3578081,2023-01-08 00:40:00,0.0833333333333333,0.0416666666666666
3578081,2023-01-08 00:45:00,0.0833333333333333,0.0416666666666666
3578081,2023-01-08 00:50:00,0.0833333333333333,0.0416666666666666
3578081,2023-01-08 00:55:00,0.0833333333333333,0.0416666666666666
3578081,2023-01-08 01:00:00,0.0833333333333333,0.0416666666666666
3578081,2023-01-08 01:05:00,0.0833333333333333,0.0416666666666666
3578081,2023-01-08 01:10:00,0.0833333333333333,0.0416666666666666
3578081,2023-01-08 01:15:00,0.0833333333333333,0.0416666666666666
3578081,2023-01-08 01:20:00,0.0833333333333333,0.0416666666666666
3578081,2023-01-08 01:25:00,0.0833333333333333,0.0416666666666666
3578081,2023-01-08 01:30:00,0.0833333333333333,0.0416666666666666
3578081,2023-01-08 01:35:00,0.0833333333333333,0.0416666666666666
3578081,2023-01-08 01:40:00,0.0833333333333333,0.0416666666666666
3578081,2023-01-08 01:45:00,0.0833333333333333,0.0416666666666666
3578081,2023-01-08 01:50:00,0.0833333333333333,0.0416666666666666
3578081,2023-01-08 01:55:00,0.0833333333333333,0.0416666666666666
3578081,2023-01-08 02:00:00,0.0833333333333333,0.0416666666666666
3578081,2023-01-08 02:05:00,0.0833333333333333,0.0416666666666666
3578081,2023-01-08 02:10:00,0.0833333333333333,0.0416666666666666
3578081,2023-01-08 02:15:00,0.0833333333333333,0.0416666666666666
3578081,2023-01-08 02:20:00,0.0833333333333333,0.0416666666666666
3578081,2023-01-08 02:25:00,0.0833333333333333,0.0416666666666666
3578081,2023-01-08 02:30:00,0.0833333333333333,0.0416666666666666
3578081,2023-01-08 02:35:00,0.0833333333333333,0.0416666666666666
3578081,2023-01-08 02:40:00,0.0833333333333333,0.0416666666666666
3578081,2023-01-08 02:45:00,0.0833333333333333,0.0416666666666666
3578081,2023-01-08 02:50:00,0.0833333333333333,0.0416666666666666
3578081,2023-01-08 02:55:00,0.0833333333333333,0.0416666666666666
3578081,2023-01-08 03:00:00,0.0833333333333333,0.0416666666666666
3578081,2023-01-08 03:05:00,0.0833333333333333,0.0416666666666666
3578081,2023-01-08 03:10:00,0.0833333333333333,0.0416666666666666
3578081,2023-01-08 03:15:00,0.0833333333333333,0.0416666666666666
3578081,2023-01-08 03:20:00,0.0833333333333333,0.0416666666666666
3578081,2023-01-08 03:25:00,0.0833333333333333,0.0416666666666666
3578081,2023-01-08 03:30:00,0.0833333333333333,0.0416666666666666
3578081,2023-01-08 03:35:00,0.0833333333333333,0.0416666666666666
3578081,2023-01-08 03:40:00,0.0833333333333333,0.0416666666666666
3578081,2023-01-08 03:45:00,0.0833333333333333,0.0416666666666666
3578081,2023-01-08 03:50:00,0.0833333333333333,0.0416666666666666
3578081,2023-01-08 03:55:00,0.0833333333333333,0.0416666666666666
3578081,2023-01-08 04:00:00,0.0833333333333333,0.0416666666666666
3578081,2023-01-08 04:05:00,0.0833333333333333,0.0416666666666666
3578081,2023-01-08 04:10:00,0.0833333333333333,0.0416666666666666
3578081,2023-01-08 04:15:00,0.0833333333333333,0.0416666666666666
3578081,2023-01-08 04:20:00,0.0833333333333333,0.15
3578081,2023-01-08 04:25:00,0.0833333333333333,0.0416666666666666
3578081,2023-01-08 04:30:00,0.0833333333333333,0.0416666666666666
3578081,2023-01-08 04:35:00,0.0833333333333333,0.0416666666666666
3578081,2023-01-08 04:40:00,0.0833333333333333,0.0416666666666666
3578081,2023-01-08 04:45:00,0.0833333333333333,0.0416666666666666
3578081,2023-01-08 04:50:00,0.0833333333333333,0.0416666666666666
3578081,2023-01-08 04:55:00,0.0833333333333333,0.0416666666666666
3578081,2023-01-08 05:00:00,0.0833333333333333,0.0416666666666666
3578081,2023-01-08 05:05:00,0.0833333333333333,0.0416666666666666
3578081,2023-01-08 05:10:00,0.0833333333333333,0.0416666666666666
3578081,2023-01-08 05:15:00,0.0833333333333333,0.0416666666666666
3578081,2023-01-08 05:20:00,0.0833333333333333,0.0416666666666666
3578081,2023-01-08 05:25:00,0.0833333333333333,0.0416666666666666
3578081,2023-01-08 05:30:00,0.0833333333333333,0.0416666666666666
3578081,2023-01-08 05:35:00,0.0833333333333333,0.0416666666666666
3578081,2023-01-08 05:40:00,0.0833333333333333,0.0416666666666666
3578081,2023-01-08 05:45:00,0.0833333333333333,0.0416666666666666
3578081,2023-01-08 05:50:00,0.0833333333333333,0.0416666666666666
3578081,2023-01-08 05:55:00,0.0833333333333333,0.0416666666666666
3578081,2023-01-08 06:00:00,0.0833333333333333,0.0416666666666666
3578081,2023-01-08 06:05:00,0.0833333333333333,0.0416666666666666
3578081,2023-01-08 06:10:00,0.0833333333333333,0.0416666666666666
3578081,2023-01-08 06:15:00,0.0833333333333333,0.0416666666666666
3578081,2023-01-08 06:20:00,0.0833333333333333,0.0416666666666666
3578081,2023-01-08 06:25:00,0.0833333333333333,0.0416666666666666
3578081,2023-01-08 06:30:00,0.0833333333333333,0.0416666666666666
3578081,2023-01-08 06:35:00,0.0833333333333333,0.0416666666666666
3578081,2023-01-08 06:40:00,0.0833333333333333,0.0416666666666666
3578081,2023-01-08 06:45:00,0.0833333333333333,0.0416666666666666
3578081,2023-01-08 06:50:00,0.0833333333333333,0.0416666666666666
3578081,2023-01-08 06:55:00,0.0833333333333333,0.0416666666666666
3578081,2023-01-08 07:00:00,0.0833333333333333,0.0416666666666666
3578081,2023-01-08 07:05:00,0.0833333333333333,0.0416666666666666
3578081,2023-01-08 07:10:00,0.0833333333333333,0.0416666666666666
3578081,2023-01-08 07:15:00,0.0833333333333333,0.0416666666666666
3578081,2023-01-08 07:20:00,0.0833333333333333,0.0416666666666666
3578081,2023-01-08 07:25:00,0.0833333333333333,0.15
3578081,2023-01-08 07:30:00,0.0833333333333333,0.0416666666666666
3578081,2023-01-08 07:35:00,0.0833333333333333,0.0416666666666666
3578081,2023-01-08 07:40:00,0.0833333333333333,0.0416666666666666
3578081,2023-01-08 07:45:00,0.0833333333333333,0.0416666666666666
3578081,2023-01-08 07:50:00,0.0833333333333333,0.0416666666666666
3578081,2023-01-08 07:55:00,0.0833333333333333,0.0416666666666666
3578081,2023-01-08 08:00:00,0.0833333333333333,0.0416666666666666
3578081,2023-01-08 08:05:00,0.0833333333333333,0.0416666666666666
3578081,2023-01-08 08:10:00,0.0833333333333333,0.0416666666666666
3578081,2023-01-08 08:15:00,0.0833333333333333,0.0416666666666666
3578081,2023-01-08 08:20:00,0.0833333333333333,0.0416666666666666
3578081,2023-01-08 08:25:00,0.0833333333333333,0.0416666666666666
3578081,2023-01-08 08:30:00,0.0833333333333333,0.0416666666666666
3578081,2023-01-08 08:35:00,0.0833333333333333,0.0416666666666666
3578081,2023-01-08 08:40:00,0.0833333333333333,0.0416666666666666
3578081,2023-01-08 08:45:00,0.0833333333333333,0.0416666666666666
3578081,2023-01-08 08:50:00,0.0833333333333333,0.0416666666666666
3578081,2023-01-08 08:55:00,0.0833333333333333,0.0416666666666666
3578081,2023-01-08 09:00:00,0.0833333333333333,0.0416666666666666
3578081,2023-01-08 09:05:00,0.0833333333333333,0.0416666666666666
3578081,2023-01-08 09:10:00,0.0833333333333333,0.0416666666666666
3578081,2023-01-08 09:15:00,0.0833333333333333,0.0416666666666666
3578081,2023-01-08 09:20:00,0.0833333333333333,0.0416666666666666
3578081,2023-01-08 09:25:00,0.0833333333333333,0.0416666666666666
3578081,2023-01-08 09:30:00,0.0833333333333333,0.0416666666666666
3578081,2023-01-08 09:35:00,0.0833333333333333,0.0416666666666666
3578081,2023-01-08 09:40:00,0.0833333333333333,0.0416666666666666
3578081,2023-01-08 09:45:00,0.0833333333333333,0.0416666666666666
3578081,2023-01-08 09:50:00,0.0833333333333333,0.0416666666666666
3578081,2023-01-08 09:55:00,0.0833333333333333,0.0416666666666666
3578081,2023-01-08 10:00:00,0.0833333333333333,0.0416666666666666
3578081,2023-01-08 10:05:00,0.0833333333333333,0.0416666666666666
3578081,2023-01-08 10:10:00,0.0833333333333333,0.0416666666666666
3578081,2023-01-08 10:15:00,0.0833333333333333,0.0416666666666666
3578081,2023-01-08 10:20:00,0.0833333333333333,0.0416666666666666
3578081,2023-01-08 10:25:00,0.0833333333333333,0.0416666666666666
3578081,2023-01-08 10:30:00,0.0833333333333333,0.15
3578081,2023-01-08 10:35:00,0.0833333333333333,0.0416666666666666
3578081,2023-01-08 10:40:00,0.0833333333333333,0.0416666666666666
3578081,2023-01-08 10:45:00,0.0833333333333333,0.0416666666666666
3578081,2023-01-08 10:50:00,0.0833333333333333,0.0416666666666666
3578081,2023-01-08 10:55:00,0.0833333333333333,0.0416666666666666
3578081,2023-01-08 11:00:00,0.0833333333333333,0.0416666666666666
3578081,2023-01-08 11:05:00,0.0833333333333333,0.0416666666666666
3578081,2023-01-08 11:10:00,0.0833333333333333,0.0416666666666666
3578081,2023-01-08 11:15:00,0.0833333333333333,0.0416666666666666
3578081,2023-01-08 11:20:00,0.0833333333333333,0.0416666666666666
3578081,2023-01-08 11:25:00,0.0833333333333333,0.0416666666666666
3578081,2023-01-08 11:30:00,0.0833333333333333,0.0416666666666666
3578081,2023-01-08 11:35:00,0.0833333333333333,0.0416666666666666
3578081,2023-01-08 11:40:00,0.0833333333333333,0.0416666666666666
3578081,2023-01-08 11:45:00,0.0833333333333333,0.0416666666666666
3578081,2023-01-08 11:50:00,0.0833333333333333,0.0416666666666666
3578081,2023-01-08 11:55:00,0.0833333333333333,0.0416666666666666
3578081,2023-01-08 12:00:00,0.0833333333333333,0.0416666666666666
3578081,2023-01-08 12:05:00,0.0833333333333333,0.0416666666666666
3578081,2023-01-08 12:10:00,0.0833333333333333,0.0416666666666666
3578081,2023-01-08 12:15:00,0.0833333333333333,0.0416666666666666
3578081,2023-01-08 12:20:00,0.0833333333333333,0.0416666666666666
3578081,2023-01-08 12:25:00,0.0833333333333333,0.0416666666666666
3578081,2023-01-08 12:30:00,0.0833333333333333,0.0416666666666666
3578081,2023-01-08 12:35:00,0.0833333333333333,0.0416666666666666
3578081,2023-01-08 12:40:00,0.0833333333333333,0.0416666666666666
3578081,2023-01-08 12:45:00,0.0833333333333333,0.0416666666666666
3578081,2023-01-08 12:50:00,0.0833333333333333,0.0416666666666666
3578081,2023-01-08 12:55:00,0.0833333333333333,0.0416666666666666
3578081,2023-01-08 13:00:00,0.0833333333333333,0.0416666666666666
3578081,2023-01-08 13:05:00,0.0833333333333333,0.0416666666666666
3578081,2023-01-08 13:10:00,0.0833333333333333,0.0416666666666666
3578081,2023-01-08 13:15:00,0.0833333333333333,0.0416666666666666
3578081,2023-01-08 13:20:00,0.0833333333333333,0.0416666666666666
3578081,2023-01-08 13:25:00,0.0833333333333333,0.0416666666666666
3578081,2023-01-08 13:30:00,0.0833333333333333,0.0416666666666666
3578081,2023-01-08 13:35:00,0.0833333333333333,0.15
3578081,2023-01-08 13:40:00,0.0833333333333333,0.0416666666666666
3578081,2023-01-08 13:45:00,0.0833333333333333,0.0416666666666666
3578081,2023-01-08 13:50:00,0.0833333333333333,0.0416666666666666
3578081,2023-01-08 13:55:00,0.0833333333333333,0.0416666666666666
3578081,2023-01-08 14:00:00,0.0833333333333333,0.0416666666666666
3578081,2023-01-08 14:05:00,0.0833333333333333,0.0416666666666666
3578081,2023-01-08 14:10:00,0.0833333333333333,0.0416666666666666
3578081,2023-01-08 14:15:00,0.0833333333333333,0.0416666666666666
3578081,2023-01-08 14:20:00,0.0833333333333333,0.0416666666666666
3578081,2023-01-08 14:25:00,0.0833333333333333,0.0416666666666666
3578081,2023-01-08 14:30:00,0.0833333333333333,0.0416666666666666
3578081,2023-01-08 14:35:00,0.0833333333333333,0.0416666666666666
3578081,2023-01-08 14:40:00,0.0833333333333333,0.0416666666666666
3578081,2023-01-08 14:45:00,0.0833333333333333,0.0416666666666666
3578081,2023-01-08 14:50:00,0.0833333333333333,0.0416666666666666
3578081,2023-01-08 14:55:00,0.0833333333333333,0.0416666666666666
3578081,2023-01-08 15:00:00,0.0833333333333333,0.0416666666666666
3578081,2023-01-08 15:05:00,0.0833333333333333,0.0416666666666666
3578081,2023-01-08 15:10:00,0.0833333333333333,0.0416666666666666
3578081,2023-01-08 15:15:00,0.0833333333333333,0.0416666666666666
3578081,2023-01-08 15:20:00,0.0,0.0
3578081,2023-01-08 15:25:00,0.0,0.0
3578081,2023-01-08 15:30:00,0.0,0.0
3578081,2023-01-08 15:35:00,0.0,0.0
3578081,2023-01-08 15:40:00,0.0833333333333333,0.5333333333333333
3578081,2023-01-08 15:45:00,0.0833333333333333,0.2416666666666666
3578081,2023-01-08 15:50:00,0.0833333333333333,0.175
3578081,2023-01-08 15:55:00,0.0833333333333333,0.15
3578081,2023-01-08 16:00:00,0.0833333333333333,0.15
3578081,2023-01-08 16:05:00,0.0833333333333333,0.15
3578081,2023-01-08 16:10:00,0.0833333333333333,0.5499999999999999
3578081,2023-01-08 16:15:00,0.0833333333333333,0.5499999999999999
3578081,2023-01-08 16:20:00,0.0833333333333333,0.15
3578081,2023-01-08 16:25:00,0.0833333333333333,0.15
3578081,2023-01-08 16:30:00,0.0833333333333333,0.15
3578081,2023-01-08 16:35:00,0.0833333333333333,0.15
3578081,2023-01-08 16:40:00,0.0833333333333333,0.0416666666666666
3578081,2023-01-08 16:45:00,0.0833333333333333,0.0416666666666666
3578081,2023-01-08 16:50:00,0.0833333333333333,0.0416666666666666
3578081,2023-01-08 16:55:00,0.0833333333333333,0.0416666666666666
3578081,2023-01-08 17:00:00,0.0833333333333333,0.0416666666666666
3578081,2023-01-08 17:05:00,0.0833333333333333,0.0416666666666666
3578081,2023-01-08 17:10:00,0.0833333333333333,0.0416666666666666
3578081,2023-01-08 17:15:00,0.0833333333333333,0.0416666666666666
3578081,2023-01-08 17:20:00,0.0833333333333333,0.0416666666666666
3578081,2023-01-08 17:25:00,0.0833333333333333,0.0416666666666666
3578081,2023-01-08 17:30:00,0.0833333333333333,0.0416666666666666
3578081,2023-01-08 17:35:00,0.0833333333333333,0.0416666666666666
3578081,2023-01-08 17:40:00,0.0833333333333333,0.0416666666666666
3578081,2023-01-08 17:45:00,0.0833333333333333,0.0416666666666666
3578081,2023-01-08 17:50:00,0.0833333333333333,0.0416666666666666
3578081,2023-01-08 17:55:00,0.0833333333333333,0.0416666666666666
3578081,2023-01-08 18:00:00,0.0833333333333333,0.0416666666666666
3578081,2023-01-08 18:05:00,0.0833333333333333,0.0416666666666666
3578081,2023-01-08 18:10:00,0.0833333333333333,0.0416666666666666
3578081,2023-01-08 18:15:00,0.0833333333333333,0.0416666666666666
3578081,2023-01-08 18:20:00,0.0833333333333333,0.0416666666666666
3578081,2023-01-08 18:25:00,0.0833333333333333,0.0416666666666666
3578081,2023-01-08 18:30:00,0.0833333333333333,0.0416666666666666
3578081,2023-01-08 18:35:00,0.0833333333333333,0.0416666666666666
3578081,2023-01-08 18:40:00,0.0833333333333333,0.0416666666666666
3578081,2023-01-08 18:45:00,0.0833333333333333,0.0416666666666666
3578081,2023-01-08 18:50:00,0.0833333333333333,0.0416666666666666
3578081,2023-01-08 18:55:00,0.0833333333333333,0.0416666666666666
3578081,2023-01-08 19:00:00,0.0833333333333333,0.0416666666666666
3578081,2023-01-08 19:05:00,0.0833333333333333,0.0416666666666666
3578081,2023-01-08 19:10:00,0.0833333333333333,0.0416666666666666
3578081,2023-01-08 19:15:00,0.0833333333333333,0.0416666666666666
3578081,2023-01-08 19:20:00,0.0833333333333333,0.0416666666666666
3578081,2023-01-08 19:25:00,0.0833333333333333,0.0416666666666666
3578081,2023-01-08 19:30:00,0.0833333333333333,0.0416666666666666
3578081,2023-01-08 19:35:00,0.0833333333333333,0.0416666666666666
3578081,2023-01-08 19:40:00,0.0833333333333333,0.0416666666666666
3578081,2023-01-08 19:45:00,0.0833333333333333,0.0416666666666666
3578081,2023-01-08 19:50:00,0.0833333333333333,0.0416666666666666
3578081,2023-01-08 19:55:00,0.0833333333333333,0.0416666666666666
3578081,2023-01-08 20:00:00,0.0833333333333333,0.0416666666666666
3578081,2023-01-08 20:05:00,0.0833333333333333,0.0416666666666666
3578081,2023-01-08 20:10:00,0.0833333333333333,0.0416666666666666
3578081,2023-01-08 20:15:00,0.0833333333333333,0.0416666666666666
3578081,2023-01-08 20:20:00,0.0833333333333333,0.0416666666666666
3578081,2023-01-08 20:25:00,0.0833333333333333,0.0416666666666666
3578081,2023-01-08 20:30:00,0.0833333333333333,0.0416666666666666
3578081,2023-01-08 20:35:00,0.0833333333333333,0.0416666666666666
3578081,2023-01-08 20:40:00,0.0833333333333333,0.0416666666666666
3578081,2023-01-08 20:45:00,0.0833333333333333,0.0416666666666666
3578081,2023-01-08 20:50:00,0.0833333333333333,0.0416666666666666
3578081,2023-01-08 20:55:00,0.0833333333333333,0.0416666666666666
3578081,2023-01-08 21:00:00,0.0833333333333333,0.0416666666666666
3578081,2023-01-08 21:05:00,0.0833333333333333,0.0416666666666666
3578081,2023-01-08 21:10:00,0.0833333333333333,0.0416666666666666
3578081,2023-01-08 21:15:00,0.0833333333333333,0.0416666666666666
3578081,2023-01-08 21:20:00,0.0833333333333333,0.0416666666666666
3578081,2023-01-08 21:25:00,0.0833333333333333,0.0416666666666666
3578081,2023-01-08 21:30:00,0.0833333333333333,0.0416666666666666
3578081,2023-01-08 21:35:00,0.0833333333333333,0.0416666666666666
3578081,2023-01-08 21:40:00,0.0833333333333333,0.0416666666666666
3578081,2023-01-08 21:45:00,0.0833333333333333,0.0416666666666666
3578081,2023-01-08 21:50:00,0.0833333333333333,0.0416666666666666
3578081,2023-01-08 21:55:00,0.0833333333333333,0.0416666666666666
3578081,2023-01-08 22:00:00,0.0833333333333333,0.0416666666666666
3578081,2023-01-08 22:05:00,0.0833333333333333,0.0416666666666666
3578081,2023-01-08 22:10:00,0.0833333333333333,0.0416666666666666
3578081,2023-01-08 22:15:00,0.0833333333333333,0.0416666666666666
3578081,2023-01-08 22:20:00,0.0833333333333333,0.0416666666666666
3578081,2023-01-08 22:25:00,0.0833333333333333,0.0416666666666666
3578081,2023-01-08 22:30:00,0.0833333333333333,0.0416666666666666
3578081,2023-01-08 22:35:00,0.0833333333333333,0.0416666666666666
3578081,2023-01-08 22:40:00,0.0833333333333333,0.0416666666666666
3578081,2023-01-08 22:45:00,0.0833333333333333,0.0416666666666666
3578081,2023-01-08 22:50:00,0.0833333333333333,0.15
3578081,2023-01-08 22:55:00,0.0833333333333333,0.0416666666666666
3578081,2023-01-08 23:00:00,0.0833333333333333,0.0416666666666666
3578081,2023-01-08 23:05:00,0.0833333333333333,0.0416666666666666
3578081,2023-01-08 23:10:00,0.0833333333333333,0.0416666666666666
3578081,2023-01-08 23:15:00,0.0833333333333333,0.0416666666666666
3578081,2023-01-08 23:20:00,0.0833333333333333,0.0416666666666666
3578081,2023-01-08 23:25:00,0.0833333333333333,0.0416666666666666
3578081,2023-01-08 23:30:00,0.0833333333333333,0.0416666666666666
3578081,2023-01-08 23:35:00,0.0833333333333333,0.0416666666666666
3578081,2023-01-08 23:40:00,0.0833333333333333,0.0416666666666666
3578081,2023-01-08 23:45:00,0.0833333333333333,0.0416666666666666
3578081,2023-01-08 23:50:00,0.0833333333333333,0.0416666666666666
3578081,2023-01-08 23:55:00,0.0833333333333333,0.0416666666666666
3578081,2023-01-09 00:00:00,0.0833333333333333,0.0416666666666666
3578081,2023-01-09 00:05:00,0.0833333333333333,0.0416666666666666
3578081,2023-01-09 00:10:00,0.0833333333333333,0.0416666666666666
3578081,2023-01-09 00:15:00,0.0833333333333333,0.0416666666666666
3578081,2023-01-09 00:20:00,0.0833333333333333,0.0416666666666666
3578081,2023-01-09 00:25:00,0.0833333333333333,0.0416666666666666
3578081,2023-01-09 00:30:00,0.0833333333333333,0.0416666666666666
3578081,2023-01-09 00:35:00,0.0833333333333333,0.0416666666666666
3578081,2023-01-09 00:40:00,0.0833333333333333,0.0416666666666666
3578081,2023-01-09 00:45:00,0.0833333333333333,0.0416666666666666
3578081,2023-01-09 00:50:00,0.0833333333333333,0.0416666666666666
3578081,2023-01-09 00:55:00,0.0833333333333333,0.0416666666666666
3578081,2023-01-09 01:00:00,0.0833333333333333,0.0416666666666666
3578081,2023-01-09 01:05:00,0.0833333333333333,0.0416666666666666
3578081,2023-01-09 01:10:00,0.0833333333333333,0.0416666666666666
3578081,2023-01-09 01:15:00,0.0833333333333333,0.0416666666666666
3578081,2023-01-09 01:20:00,0.0833333333333333,0.0416666666666666
3578081,2023-01-09 01:25:00,0.0833333333333333,0.0416666666666666
3578081,2023-01-09 01:30:00,0.0833333333333333,0.0416666666666666
3578081,2023-01-09 01:35:00,0.0833333333333333,0.0416666666666666
3578661,2023-01-01 00:00:00,0.0,0.0
3578661,2023-01-01 00:05:00,0.0,0.0
3578661,2023-01-01 00:10:00,0.0,0.0
3578661,2023-01-01 00:15:00,0.0,0.0
3578661,2023-01-01 00:20:00,0.0,0.0
3578661,2023-01-01 00:25:00,0.0,0.0
3578661,2023-01-01 00:30:00,0.0,0.0
3578661,2023-01-01 00:35:00,0.0,0.0
3578661,2023-01-01 00:40:00,0.0,0.0
3578661,2023-01-01 00:45:00,0.0,0.0
3578661,2023-01-01 00:50:00,0.0,0.0
3578661,2023-01-01 00:55:00,0.0,0.0
3578661,2023-01-01 01:00:00,0.0,0.0
3578661,2023-01-01 01:05:00,0.0,0.0
3578661,2023-01-01 01:10:00,0.0,0.0
3578661,2023-01-01 01:15:00,0.0,0.0
3578661,2023-01-01 01:20:00,0.0,0.0
3578661,2023-01-01 01:25:00,0.0,0.0
3578661,2023-01-01 01:30:00,0.0,0.0
3578661,2023-01-01 01:35:00,0.0,0.0
3578661,2023-01-01 01:40:00,0.0,0.0
3578661,2023-01-01 01:45:00,0.0,0.0
3578661,2023-01-01 01:50:00,0.0,0.0
3578661,2023-01-01 01:55:00,0.0,0.0
3578661,2023-01-01 02:00:00,0.0,0.0
3578661,2023-01-01 02:05:00,0.0,0.0
3578661,2023-01-01 02:10:00,0.0,0.0
3578661,2023-01-01 02:15:00,0.0,0.0
3578661,2023-01-01 02:20:00,0.0,0.0
3578661,2023-01-01 02:25:00,0.0,0.0
3578661,2023-01-01 02:30:00,0.0,0.0
3578661,2023-01-01 02:35:00,0.0,0.0
3578661,2023-01-01 02:40:00,0.0,0.0
3578661,2023-01-01 02:45:00,0.0,0.0
3578661,2023-01-01 02:50:00,0.0,0.0
3578661,2023-01-01 02:55:00,0.0,0.0
3578661,2023-01-01 03:00:00,0.0,0.0
3578661,2023-01-01 03:05:00,0.0,0.0
3578661,2023-01-01 03:10:00,0.0,0.0
3578661,2023-01-01 03:15:00,0.0,0.0
3578661,2023-01-01 03:20:00,0.0,0.0
3578661,2023-01-01 03:25:00,0.0,0.0
3578661,2023-01-01 03:30:00,0.0,0.0
3578661,2023-01-01 03:35:00,0.0,0.0
3578661,2023-01-01 03:40:00,0.0,0.0
3578661,2023-01-01 03:45:00,0.0,0.0
3578661,2023-01-01 03:50:00,0.0,0.0
3578661,2023-01-01 03:55:00,0.0,0.0
3578661,2023-01-01 04:00:00,0.0,0.0
3578661,2023-01-01 04:05:00,0.0,0.0
3578661,2023-01-01 04:10:00,0.0,0.0
3578661,2023-01-01 04:15:00,0.0,0.0
3578661,2023-01-01 04:20:00,0.0,0.0
3578661,2023-01-01 04:25:00,0.0,0.0
3578661,2023-01-01 04:30:00,0.0,0.0
3578661,2023-01-01 04:35:00,0.0,0.0
3578661,2023-01-01 04:40:00,0.0,0.0
3578661,2023-01-01 04:45:00,0.0,0.0
3578661,2023-01-01 04:50:00,0.0,0.0
3578661,2023-01-01 04:55:00,0.0,0.0
3578661,2023-01-01 05:00:00,0.0,0.0
3578661,2023-01-01 05:05:00,0.0,0.0
3578661,2023-01-01 05:10:00,0.0,0.0
3578661,2023-01-01 05:15:00,0.0,0.0
3578661,2023-01-01 05:20:00,0.0,0.0
3578661,2023-01-01 05:25:00,0.0,0.0
3578661,2023-01-01 05:30:00,0.0,0.0
3578661,2023-01-01 05:35:00,0.0,0.0
3578661,2023-01-01 05:40:00,0.0,0.0
3578661,2023-01-01 05:45:00,0.0,0.0
3578661,2023-01-01 05:50:00,0.0,0.0
3578661,2023-01-01 05:55:00,0.0,0.0
3578661,2023-01-01 06:00:00,0.0,0.0
3578661,2023-01-01 06:05:00,0.0,0.0
3578661,2023-01-01 06:10:00,0.0,0.0
3578661,2023-01-01 06:15:00,0.0,0.0
3578661,2023-01-01 06:20:00,0.0,0.0
3578661,2023-01-01 06:25:00,0.0,0.0
3578661,2023-01-01 06:30:00,0.0,0.0
3578661,2023-01-01 06:35:00,0.0,0.0
3578661,2023-01-01 06:40:00,0.0,0.0
3578661,2023-01-01 06:45:00,0.0,0.0
3578661,2023-01-01 06:50:00,0.0,0.0
3578661,2023-01-01 06:55:00,0.0,0.0
3578661,2023-01-01 07:00:00,0.0,0.0
3578661,2023-01-01 07:05:00,0.0,0.0
3578661,2023-01-01 07:10:00,0.0,0.0
3578661,2023-01-01 07:15:00,0.0,0.0
3578661,2023-01-01 07:20:00,0.0,0.0
3578661,2023-01-01 07:25:00,0.0,0.0
3578661,2023-01-01 07:30:00,0.0,0.0
3578661,2023-01-01 07:35:00,0.0,0.0
3578661,2023-01-01 07:40:00,0.0,0.0
3578661,2023-01-01 07:45:00,0.0,0.0
3578661,2023-01-01 07:50:00,0.0,0.0
3578661,2023-01-01 07:55:00,0.0,0.0
3578661,2023-01-01 08:00:00,0.0,0.0
3578661,2023-01-01 08:05:00,0.0,0.0
3578661,2023-01-01 08:10:00,0.0,0.0
3578661,2023-01-01 08:15:00,0.0,0.0
3578661,2023-01-01 08:20:00,0.0,0.0
3578661,2023-01-01 08:25:00,0.0,0.0
3578661,2023-01-01 08:30:00,0.0,0.0
3578661,2023-01-01 08:35:00,0.0,0.0
3578661,2023-01-01 08:40:00,0.0,0.0
3578661,2023-01-01 08:45:00,0.0,0.0
3578661,2023-01-01 08:50:00,0.0,0.0
3578661,2023-01-01 08:55:00,0.0,0.0
3578661,2023-01-01 09:00:00,0.0,0.0
3578661,2023-01-01 09:05:00,0.0,0.0
3578661,2023-01-01 09:10:00,0.0,0.0
3578661,2023-01-01 09:15:00,0.0,0.0
3578661,2023-01-01 09:20:00,0.0,0.0
3578661,2023-01-01 09:25:00,0.0,0.0
3578661,2023-01-01 09:30:00,0.0,0.0
3578661,2023-01-01 09:35:00,0.0,0.0
3578661,2023-01-01 09:40:00,0.0,0.0
3578661,2023-01-01 09:45:00,0.0,0.0
3578661,2023-01-01 09:50:00,0.0,0.0
3578661,2023-01-01 09:55:00,0.0,0.0
3578661,2023-01-01 10:00:00,0.0,0.0
3578661,2023-01-01 10:05:00,0.0,0.0
3578661,2023-01-01 10:10:00,0.0,0.0
3578661,2023-01-01 10:15:00,0.0,0.0
3578661,2023-01-01 10:20:00,0.0,0.0
3578661,2023-01-01 10:25:00,0.0,0.0
3578661,2023-01-01 10:30:00,0.0,0.0
3578661,2023-01-01 10:35:00,0.0,0.0
3578661,2023-01-01 10:40:00,0.0,0.0
3578661,2023-01-01 10:45:00,0.0,0.0
3578661,2023-01-01 10:50:00,0.0,0.0
3578661,2023-01-01 10:55:00,0.0,0.0
3578661,2023-01-01 11:00:00,0.0,0.0
3578661,2023-01-01 11:05:00,0.0,0.0
3578661,2023-01-01 11:10:00,0.0,0.0
3578661,2023-01-01 11:15:00,0.0,0.0
3578661,2023-01-01 11:20:00,0.0,0.0
3578661,2023-01-01 11:25:00,0.0,0.0
3578661,2023-01-01 11:30:00,0.0,0.0
3578661,2023-01-01 11:35:00,0.0,0.0
3578661,2023-01-01 11:40:00,0.0,0.0
3578661,2023-01-01 11:45:00,0.0,0.0
3578661,2023-01-01 11:50:00,0.0,0.0
3578661,2023-01-01 11:55:00,0.0,0.0
3578661,2023-01-01 12:00:00,0.0,0.0
3578661,2023-01-01 12:05:00,0.0,0.0
3578661,2023-01-01 12:10:00,0.0,0.0
3578661,2023-01-01 12:15:00,0.0,0.0
3578661,2023-01-01 12:20:00,0.0,0.0
3578661,2023-01-01 12:25:00,0.0,0.0
3578661,2023-01-01 12:30:00,0.0,0.0
3578661,2023-01-01 12:35:00,0.0,0.0
3578661,2023-01-01 12:40:00,0.0,0.0
3578661,2023-01-01 12:45:00,0.0,0.0
3578661,2023-01-01 12:50:00,0.0,0.0
3578661,2023-01-01 12:55:00,0.0,0.0
3578661,2023-01-01 13:00:00,0.0,0.0
3578661,2023-01-01 13:05:00,0.0,0.0
3578661,2023-01-01 13:10:00,0.0,0.0
3578661,2023-01-01 13:15:00,0.0,0.0
3578661,2023-01-01 13:20:00,0.0,0.0
3578661,2023-01-01 13:25:00,0.0,0.0
3578661,2023-01-01 13:30:00,0.0,0.0
3578661,2023-01-01 13:35:00,0.0,0.0
3578661,2023-01-01 13:40:00,0.0,0.0
3578661,2023-01-01 13:45:00,0.0,0.0
3578661,2023-01-01 13:50:00,0.0,0.0
3578661,2023-01-01 13:55:00,0.0,0.0
3578661,2023-01-01 14:00:00,0.0,0.0
3578661,2023-01-01 14:05:00,0.0,0.0
3578661,2023-01-01 14:10:00,0.0,0.0
3578661,2023-01-01 14:15:00,0.0,0.0
3578661,2023-01-01 14:20:00,0.0,0.0
3578661,2023-01-01 14:25:00,0.0,0.0
3578661,2023-01-01 14:30:00,0.0,0.0
3578661,2023-01-01 14:35:00,0.0,0.0
3578661,2023-01-01 14:40:00,0.0,0.0
3578661,2023-01-01 14:45:00,0.0,0.0
3578661,2023-01-01 14:50:00,0.0,0.0
3578661,2023-01-01 14:55:00,0.0,0.0
3578661,2023-01-01 15:00:00,0.0,0.0
3578661,2023-01-01 15:05:00,0.0,0.0
3578661,2023-01-01 15:10:00,0.0,0.0
3578661,2023-01-01 15:15:00,0.0,0.0
3578661,2023-01-01 15:20:00,0.0,0.0
3578661,2023-01-01 15:25:00,0.0,0.0
3578661,2023-01-01 15:30:00,0.0,0.0
3578661,2023-01-01 15:35:00,0.0,0.0
3578661,2023-01-01 15:40:00,0.0,0.0
3578661,2023-01-01 15:45:00,0.0,0.0
3578661,2023-01-01 15:50:00,0.0,0.0
3578661,2023-01-01 15:55:00,0.0,0.0
3578661,2023-01-01 16:00:00,0.0,0.0
3578661,2023-01-01 16:05:00,0.0,0.0
3578661,2023-01-01 16:10:00,0.0,0.0
3578661,2023-01-01 16:15:00,0.0,0.0
3578661,2023-01-01 16:20:00,0.0,0.0
3578661,2023-01-01 16:25:00,0.0,0.0
3578661,2023-01-01 16:30:00,0.0,0.0
3578661,2023-01-01 16:35:00,0.0,0.0
3578661,2023-01-01 16:40:00,0.0,0.0
3578661,2023-01-01 16:45:00,0.0,0.0
3578661,2023-01-01 16:50:00,0.0,0.0
3578661,2023-01-01 16:55:00,0.0,0.0
3578661,2023-01-01 17:00:00,0.0,0.0
3578661,2023-01-01 17:05:00,0.0,0.0
3578661,2023-01-01 17:10:00,0.0,0.0
3578661,2023-01-01 17:15:00,0.0,0.0
3578661,2023-01-01 17:20:00,0.0,0.0
3578661,2023-01-01 17:25:00,0.0,0.0
3578661,2023-01-01 17:30:00,0.0,0.0
3578661,2023-01-01 17:35:00,0.0,0.0
3578661,2023-01-01 17:40:00,0.0,0.0
3578661,2023-01-01 17:45:00,0.0,0.0
3578661,2023-01-01 17:50:00,0.0,0.0
3578661,2023-01-01 17:55:00,0.0,0.0
3578661,2023-01-01 18:00:00,0.0,0.0
3578661,2023-01-01 18:05:00,0.0,0.0
3578661,2023-01-01 18:10:00,0.0,0.0
3578661,2023-01-01 18:15:00,0.0,0.0
3578661,2023-01-01 18:20:00,0.0,0.0
3578661,2023-01-01 18:25:00,0.0,0.0
3578661,2023-01-01 18:30:00,0.0,0.0
3578661,2023-01-01 18:35:00,0.0,0.0
3578661,2023-01-01 18:40:00,0.0,0.0
3578661,2023-01-01 18:45:00,0.0,0.0
3578661,2023-01-01 18:50:00,0.0,0.0
3578661,2023-01-01 18:55:00,0.0,0.0
3578661,2023-01-01 19:00:00,0.0,0.0
3578661,2023-01-01 19:05:00,0.0,0.0
3578661,2023-01-01 19:10:00,0.0,0.0
3578661,2023-01-01 19:15:00,0.0,0.0
3578661,2023-01-01 19:20:00,0.0,0.0
3578661,2023-01-01 19:25:00,0.0,0.0
3578661,2023-01-01 19:30:00,0.0,0.0
3578661,2023-01-01 19:35:00,0.0,0.0
3578661,2023-01-01 19:40:00,0.0,0.0
3578661,2023-01-01 19:45:00,0.0,0.0
3578661,2023-01-01 19:50:00,0.0,0.0
3578661,2023-01-01 19:55:00,0.0,0.0
3578661,2023-01-01 20:00:00,0.0,0.0
3578661,2023-01-01 20:05:00,0.0,0.0
3578661,2023-01-01 20:10:00,0.0,0.0
3578661,2023-01-01 20:15:00,0.0,0.0
3578661,2023-01-01 20:20:00,0.0,0.0
3578661,2023-01-01 20:25:00,0.0,0.0
3578661,2023-01-01 20:30:00,0.0,0.0
3578661,2023-01-01 20:35:00,0.0,0.0
3578661,2023-01-01 20:40:00,0.0,0.0
3578661,2023-01-01 20:45:00,0.0,0.0
3578661,2023-01-01 20:50:00,0.0,0.0
3578661,2023-01-01 20:55:00,0.0,0.0
3578661,2023-01-01 21:00:00,0.0,0.0
3578661,2023-01-01 21:05:00,0.0,0.0
3578661,2023-01-01 21:10:00,0.0,0.0
3578661,2023-01-01 21:15:00,0.0,0.0
3578661,2023-01-01 21:20:00,0.0,0.0
3578661,2023-01-01 21:25:00,0.0,0.0
3578661,2023-01-01 21:30:00,0.0,0.0
3578661,2023-01-01 21:35:00,0.0,0.0
3578661,2023-01-01 21:40:00,0.0,0.0
3578661,2023-01-01 21:45:00,0.0,0.0
3578661,2023-01-01 21:50:00,0.0,0.0
3578661,2023-01-01 21:55:00,0.0,0.0
3578661,2023-01-01 22:00:00,0.0,0.0
3578661,2023-01-01 22:05:00,0.0,0.0
3578661,2023-01-01 22:10:00,0.0,0.0
3578661,2023-01-01 22:15:00,0.0,0.0
3578661,2023-01-01 22:20:00,0.0,0.0
3578661,2023-01-01 22:25:00,0.0,0.0
3578661,2023-01-01 22:30:00,0.0,0.0
3578661,2023-01-01 22:35:00,0.0,0.0
3578661,2023-01-01 22:40:00,0.0,0.0
3578661,2023-01-01 22:45:00,0.0,0.0
3578661,2023-01-01 22:50:00,0.0,0.0
3578661,2023-01-01 22:55:00,0.0,0.0
3578661,2023-01-01 23:00:00,0.0,0.0
3578661,2023-01-01 23:05:00,0.0,0.0
3578661,2023-01-01 23:10:00,0.0,0.0
3578661,2023-01-01 23:15:00,0.0,0.0
3578661,2023-01-01 23:20:00,0.0,0.0
3578661,2023-01-01 23:25:00,0.0,0.0
3578661,2023-01-01 23:30:00,0.0,0.0
3578661,2023-01-01 23:35:00,0.0,0.0
3578661,2023-01-01 23:40:00,0.0,0.0
3578661,2023-01-01 23:45:00,0.0,0.0
3578661,2023-01-01 23:50:00,0.0,0.0
3578661,2023-01-01 23:55:00,0.0,0.0
3578661,2023-01-02 00:00:00,0.0,0.0
3578661,2023-01-02 00:05:00,0.0,0.0
3578661,2023-01-02 00:10:00,0.0,0.0
3578661,2023-01-02 00:15:00,0.0,0.0
3578661,2023-01-02 00:20:00,0.0,0.0
3578661,2023-01-02 00:25:00,0.0,0.0
3578661,2023-01-02 00:30:00,0.0,0.0
3578661,2023-01-02 00:35:00,0.0,0.0
3578661,2023-01-02 00:40:00,0.0,0.0
3578661,2023-01-02 00:45:00,0.0,0.0
3578661,2023-01-02 00:50:00,0.0,0.0
3578661,2023-01-02 00:55:00,0.0,0.0
3578661,2023-01-02 01:00:00,0.0,0.0
3578661,2023-01-02 01:05:00,0.0,0.0
3578661,2023-01-02 01:10:00,0.0,0.0
3578661,2023-01-02 01:15:00,0.0,0.0
3578661,2023-01-02 01:20:00,0.0,0.0
3578661,2023-01-02 01:25:00,0.0,0.0
3578661,2023-01-02 01:30:00,0.0,0.0
3578661,2023-01-02 01:35:00,0.0,0.0
3578661,2023-01-02 01:40:00,0.0,0.0
3578661,2023-01-02 01:45:00,0.0,0.0
3578661,2023-01-02 01:50:00,0.0,0.0
3578661,2023-01-02 01:55:00,0.0,0.0
3578661,2023-01-02 02:00:00,0.0,0.0
3578661,2023-01-02 02:05:00,0.0,0.0
3578661,2023-01-02 02:10:00,0.0,0.0
3578661,2023-01-02 02:15:00,0.0,0.0
3578661,2023-01-02 02:20:00,0.0,0.0
3578661,2023-01-02 02:25:00,0.0,0.0
3578661,2023-01-02 02:30:00,0.0,0.0
3578661,2023-01-02 02:35:00,0.0,0.0
3578661,2023-01-02 02:40:00,0.0,0.0
3578661,2023-01-02 02:45:00,0.0,0.0
3578661,2023-01-02 02:50:00,0.0,0.0
3578661,2023-01-02 02:55:00,0.0,0.0
3578661,2023-01-02 03:00:00,0.0,0.0
3578661,2023-01-02 03:05:00,0.0,0.0
3578661,2023-01-02 03:10:00,0.0,0.0
3578661,2023-01-02 03:15:00,0.0,0.0
3578661,2023-01-02 03:20:00,0.0,0.0
3578661,2023-01-02 03:25:00,0.0,0.0
3578661,2023-01-02 03:30:00,0.0,0.0
3578661,2023-01-02 03:35:00,0.0,0.0
3578661,2023-01-02 03:40:00,0.0,0.0
3578661,2023-01-02 03:45:00,0.0,0.0
3578661,2023-01-02 03:50:00,0.0,0.0
3578661,2023-01-02 03:55:00,0.0,0.0
3578661,2023-01-02 04:00:00,0.0,0.0
3578661,2023-01-02 04:05:00,0.0,0.0
3578661,2023-01-02 04:10:00,0.0,0.0
3578661,2023-01-02 04:15:00,0.0,0.0
3578661,2023-01-02 04:20:00,0.0,0.0
3578661,2023-01-02 04:25:00,0.0,0.0
3578661,2023-01-02 04:30:00,0.0,0.0
3578661,2023-01-02 04:35:00,0.0,0.0
3578661,2023-01-02 04:40:00,0.0,0.0
3578661,2023-01-02 04:45:00,0.0,0.0
3578661,2023-01-02 04:50:00,0.0,0.0
3578661,2023-01-02 04:55:00,0.0,0.0
3578661,2023-01-02 05:00:00,0.0,0.0
3578661,2023-01-02 05:05:00,0.0,0.0
3578661,2023-01-02 05:10:00,0.0,0.0
3578661,2023-01-02 05:15:00,0.0,0.0
3578661,2023-01-02 05:20:00,0.0,0.0
3578661,2023-01-02 05:25:00,0.0,0.0
3578661,2023-01-02 05:30:00,0.0,0.0
3578661,2023-01-02 05:35:00,0.0,0.0
3578661,2023-01-02 05:40:00,0.0,0.0
3578661,2023-01-02 05:45:00,0.0,0.0
3578661,2023-01-02 05:50:00,0.0,0.0
3578661,2023-01-02 05:55:00,0.0,0.0
3578661,2023-01-02 06:00:00,0.0,0.0
3578661,2023-01-02 06:05:00,0.0,0.0
3578661,2023-01-02 06:10:00,0.0,0.0
3578661,2023-01-02 06:15:00,0.0,0.0
3578661,2023-01-02 06:20:00,0.0,0.0
3578661,2023-01-02 06:25:00,0.0,0.0
3578661,2023-01-02 06:30:00,0.0,0.0
3578661,2023-01-02 06:35:00,0.0,0.0
3578661,2023-01-02 06:40:00,0.0,0.0
3578661,2023-01-02 06:45:00,0.0,0.0
3578661,2023-01-02 06:50:00,0.0,0.0
3578661,2023-01-02 06:55:00,0.0,0.0
3578661,2023-01-02 07:00:00,0.0,0.0
3578661,2023-01-02 07:05:00,0.0,0.0
3578661,2023-01-02 07:10:00,0.0,0.0
3578661,2023-01-02 07:15:00,0.0,0.0
3578661,2023-01-02 07:20:00,0.0,0.0
3578661,2023-01-02 07:25:00,0.0,0.0
3578661,2023-01-02 07:30:00,0.0,0.0
3578661,2023-01-02 07:35:00,0.0,0.0
3578661,2023-01-02 07:40:00,0.0,0.0
3578661,2023-01-02 07:45:00,0.0,0.0
3578661,2023-01-02 07:50:00,0.0,0.0
3578661,2023-01-02 07:55:00,0.0,0.0
3578661,2023-01-02 08:00:00,0.0,0.0
3578661,2023-01-02 08:05:00,0.0,0.0
3578661,2023-01-02 08:10:00,0.0,0.0
3578661,2023-01-02 08:15:00,0.0,0.0
3578661,2023-01-02 08:20:00,0.0,0.0
3578661,2023-01-02 08:25:00,0.0,0.0
3578661,2023-01-02 08:30:00,0.0,0.0
3578661,2023-01-02 08:35:00,0.0,0.0
3578661,2023-01-02 08:40:00,0.0,0.0
3578661,2023-01-02 08:45:00,0.0,0.0
3578661,2023-01-02 08:50:00,0.0,0.0
3578661,2023-01-02 08:55:00,0.0,0.0
3578661,2023-01-02 09:00:00,0.0,0.0
3578661,2023-01-02 09:05:00,0.0,0.0
3578661,2023-01-02 09:10:00,0.0,0.0
3578661,2023-01-02 09:15:00,0.0,0.0
3578661,2023-01-02 09:20:00,0.0,0.0
3578661,2023-01-02 09:25:00,0.0,0.0
3578661,2023-01-02 09:30:00,0.0,0.0
3578661,2023-01-02 09:35:00,0.0,0.0
3578661,2023-01-02 09:40:00,0.0,0.0
3578661,2023-01-02 09:45:00,0.0,0.0
3578661,2023-01-02 09:50:00,0.0,0.0
3578661,2023-01-02 09:55:00,0.0,0.0
3578661,2023-01-02 10:00:00,0.0,0.0
3578661,2023-01-02 10:05:00,0.0,0.0
3578661,2023-01-02 10:10:00,0.0,0.0
3578661,2023-01-02 10:15:00,0.0,0.0
3578661,2023-01-02 10:20:00,0.0,0.0
3578661,2023-01-02 10:25:00,0.0,0.0
3578661,2023-01-02 10:30:00,0.0,0.0
3578661,2023-01-02 10:35:00,0.0,0.0
3578661,2023-01-02 10:40:00,0.0,0.0
3578661,2023-01-02 10:45:00,0.0,0.0
3578661,2023-01-02 10:50:00,0.0,0.0
3578661,2023-01-02 10:55:00,0.0,0.0
3578661,2023-01-02 11:00:00,0.0,0.0
3578661,2023-01-02 11:05:00,0.0,0.0
3578661,2023-01-02 11:10:00,0.0,0.0
3578661,2023-01-02 11:15:00,0.0,0.0
3578661,2023-01-02 11:20:00,0.0,0.0
3578661,2023-01-02 11:25:00,0.0,0.0
3578661,2023-01-02 11:30:00,0.0,0.0
3578661,2023-01-02 11:35:00,0.0,0.0
3578661,2023-01-02 11:40:00,0.0,0.0
3578661,2023-01-02 11:45:00,0.0,0.0
3578661,2023-01-02 11:50:00,0.0,0.0
3578661,2023-01-02 11:55:00,0.0,0.0
3578661,2023-01-02 12:00:00,0.0,0.0
3578661,2023-01-02 12:05:00,0.0,0.0
3578661,2023-01-02 12:10:00,0.0,0.0
3578661,2023-01-02 12:15:00,0.0,0.0
3578661,2023-01-02 12:20:00,0.0,0.0
3578661,2023-01-02 12:25:00,0.0,0.0
3578661,2023-01-02 12:30:00,0.0,0.0
3578661,2023-01-02 12:35:00,0.0,0.0
3578661,2023-01-02 12:40:00,0.0,0.0
3578661,2023-01-02 12:45:00,0.0,0.0
3578661,2023-01-02 12:50:00,0.0,0.0
3578661,2023-01-02 12:55:00,0.0,0.0
3578661,2023-01-02 13:00:00,0.0,0.0
3578661,2023-01-02 13:05:00,0.0,0.0
3578661,2023-01-02 13:10:00,0.0,0.0
3578661,2023-01-02 13:15:00,0.0,0.0
3578661,2023-01-02 13:20:00,0.0,0.0
3578661,2023-01-02 13:25:00,0.0,0.0
3578661,2023-01-02 13:30:00,0.0,0.0
3578661,2023-01-02 13:35:00,0.0,0.0
3578661,2023-01-02 13:40:00,0.0,0.0
3578661,2023-01-02 13:45:00,0.0,0.0
3578661,2023-01-02 13:50:00,0.0,0.0
3578661,2023-01-02 13:55:00,0.0,0.0
3578661,2023-01-02 14:00:00,0.0,0.0
3578661,2023-01-02 14:05:00,0.0,0.0
3578661,2023-01-02 14:10:00,0.0,0.0
3578661,2023-01-02 14:15:00,0.0,0.0
3578661,2023-01-02 14:20:00,0.0,0.0
3578661,2023-01-02 14:25:00,0.0,0.0
3578661,2023-01-02 14:30:00,0.0,0.0
3578661,2023-01-02 14:35:00,0.0,0.0
3578661,2023-01-02 14:40:00,0.0,0.0
3578661,2023-01-02 14:45:00,0.0,0.0
3578661,2023-01-02 14:50:00,0.0,0.0
3578661,2023-01-02 14:55:00,0.0,0.0
3578661,2023-01-02 15:00:00,0.0,0.0
3578661,2023-01-02 15:05:00,0.0,0.0
3578661,2023-01-02 15:10:00,0.0,0.0
3578661,2023-01-02 15:15:00,0.0,0.0
3578661,2023-01-02 15:20:00,0.0,0.0
3578661,2023-01-02 15:25:00,0.0,0.0
3578661,2023-01-02 15:30:00,0.0,0.0
3578661,2023-01-02 15:35:00,0.0,0.0
3578661,2023-01-02 15:40:00,0.0,0.0
3578661,2023-01-02 15:45:00,0.0,0.0
3578661,2023-01-02 15:50:00,0.0,0.0
3578661,2023-01-02 15:55:00,0.0,0.0
3578661,2023-01-02 16:00:00,0.0,0.0
3578661,2023-01-02 16:05:00,0.0,0.0
3578661,2023-01-02 16:10:00,0.0,0.0
3578661,2023-01-02 16:15:00,0.0,0.0
3578661,2023-01-02 16:20:00,0.0,0.0
3578661,2023-01-02 16:25:00,0.0,0.0
3578661,2023-01-02 16:30:00,0.0,0.0
3578661,2023-01-02 16:35:00,0.0,0.0
3578661,2023-01-02 16:40:00,0.0,0.0
3578661,2023-01-02 16:45:00,0.0,0.0
3578661,2023-01-02 16:50:00,0.0,0.0
3578661,2023-01-02 16:55:00,0.0,0.0
3578661,2023-01-02 17:00:00,0.0,0.0
3578661,2023-01-02 17:05:00,0.0,0.0
3578661,2023-01-02 17:10:00,0.0,0.0
3578661,2023-01-02 17:15:00,0.0,0.0
3578661,2023-01-02 17:20:00,0.0,0.0
3578661,2023-01-02 17:25:00,0.0,0.0
3578661,2023-01-02 17:30:00,0.0,0.0
3578661,2023-01-02 17:35:00,0.0,0.0
3578981,2023-01-01 00:00:00,0.0,0.0
3578981,2023-01-01 00:05:00,0.0,0.0
3578981,2023-01-01 00:10:00,0.0,0.0
3578981,2023-01-01 00:15:00,0.0,0.0
3578981,2023-01-01 00:20:00,0.0,0.0
3578981,2023-01-01 00:25:00,0.0,0.0
3578981,2023-01-01 00:30:00,0.0,0.0
3578981,2023-01-01 00:35:00,0.0,0.0
3578981,2023-01-01 00:40:00,0.0,0.0
3578981,2023-01-01 00:45:00,0.0,0.0
3578981,2023-01-01 00:50:00,0.0,0.0
3578981,2023-01-01 00:55:00,0.0,0.0
3578981,2023-01-01 01:00:00,0.0,0.0
3578981,2023-01-01 01:05:00,0.0,0.0
3578981,2023-01-01 01:10:00,0.0,0.0
3578981,2023-01-01 01:15:00,0.0,0.0
3578981,2023-01-01 01:20:00,0.0,0.0
3578981,2023-01-01 01:25:00,0.0,0.0
3578981,2023-01-01 01:30:00,0.0,0.0
3578981,2023-01-01 01:35:00,0.0,0.0
3578981,2023-01-01 01:40:00,0.0,0.0
3578981,2023-01-01 01:45:00,0.0,0.0
3578981,2023-01-01 01:50:00,0.0,0.0
3578981,2023-01-01 01:55:00,0.0,0.0
3578981,2023-01-01 02:00:00,0.0,0.0
3578981,2023-01-01 02:05:00,0.0,0.0
3578981,2023-01-01 02:10:00,0.0,0.0
3578981,2023-01-01 02:15:00,0.0,0.0
3578981,2023-01-01 02:20:00,0.0,0.0
3578981,2023-01-01 02:25:00,0.0,0.0
3578981,2023-01-01 02:30:00,0.0,0.0
3578981,2023-01-01 02:35:00,0.0,0.0
3578981,2023-01-01 02:40:00,0.0,0.0
3578981,2023-01-01 02:45:00,0.0,0.0
3578981,2023-01-01 02:50:00,0.0,0.0
3578981,2023-01-01 02:55:00,0.0,0.0
3578981,2023-01-01 03:00:00,0.0,0.0
3578981,2023-01-01 03:05:00,0.0,0.0
3578981,2023-01-01 03:10:00,0.0,0.0
3578981,2023-01-01 03:15:00,0.0,0.0
3578981,2023-01-01 03:20:00,0.0,0.0
3578981,2023-01-01 03:25:00,0.0,0.0
3578981,2023-01-01 03:30:00,0.0,0.0
3578981,2023-01-01 03:35:00,0.0,0.0
3578981,2023-01-01 03:40:00,0.0,0.0
3578981,2023-01-01 03:45:00,0.0,0.0
3578981,2023-01-01 03:50:00,0.0,0.0
3578981,2023-01-01 03:55:00,0.0,0.0
3578981,2023-01-01 04:00:00,0.0,0.0
3578981,2023-01-01 04:05:00,0.0,0.0
3578981,2023-01-01 04:10:00,0.0,0.0
3578981,2023-01-01 04:15:00,0.0,0.0
3578981,2023-01-01 04:20:00,0.0,0.0
3578981,2023-01-01 04:25:00,0.0,0.0
3578981,2023-01-01 04:30:00,0.0,0.0
3578981,2023-01-01 04:35:00,0.0,0.0
3578981,2023-01-01 04:40:00,0.0,0.0
3578981,2023-01-01 04:45:00,0.0,0.0
3578981,2023-01-01 04:50:00,0.0,0.0
3578981,2023-01-01 04:55:00,0.0,0.0
3578981,2023-01-01 05:00:00,0.0,0.0
3578981,2023-01-01 05:05:00,0.0,0.0
3578981,2023-01-01 05:10:00,0.0,0.0
3578981,2023-01-01 05:15:00,0.0,0.0
3578981,2023-01-01 05:20:00,0.0,0.0
3578981,2023-01-01 05:25:00,0.0,0.0
3578981,2023-01-01 05:30:00,0.0,0.0
3578981,2023-01-01 05:35:00,0.0,0.0
3578981,2023-01-01 05:40:00,0.0,0.0
3578981,2023-01-01 05:45:00,0.0,0.0
3578981,2023-01-01 05:50:00,0.0,0.0
3578981,2023-01-01 05:55:00,0.0,0.0
3578981,2023-01-01 06:00:00,0.0,0.0
3578981,2023-01-01 06:05:00,0.0,0.0
3578981,2023-01-01 06:10:00,0.0,0.0
3578981,2023-01-01 06:15:00,0.0,0.0
3578981,2023-01-01 06:20:00,0.0,0.0
3578981,2023-01-01 06:25:00,0.0,0.0
3578981,2023-01-01 06:30:00,0.0,0.0
3578981,2023-01-01 06:35:00,0.0,0.0
3578981,2023-01-01 06:40:00,0.0,0.0
3578981,2023-01-01 06:45:00,0.0,0.0
3578981,2023-01-01 06:50:00,0.0,0.0
3578981,2023-01-01 06:55:00,0.0,0.0
3578981,2023-01-01 07:00:00,0.0,0.0
3578981,2023-01-01 07:05:00,0.0,0.0
3578981,2023-01-01 07:10:00,0.0,0.0
3578981,2023-01-01 07:15:00,0.0,0.0
3578981,2023-01-01 07:20:00,0.0,0.0
3578981,2023-01-01 07:25:00,0.0,0.0
3578981,2023-01-01 07:30:00,0.0,0.0
3578981,2023-01-01 07:35:00,0.0,0.0
3578981,2023-01-01 07:40:00,0.0,0.0
3578981,2023-01-01 07:45:00,0.0,0.0
3578981,2023-01-01 07:50:00,0.0,0.0
3578981,2023-01-01 07:55:00,0.0,0.0
3578981,2023-01-01 08:00:00,0.0,0.0
3578981,2023-01-01 08:05:00,0.0,0.0
3578981,2023-01-01 08:10:00,0.0,0.0
3578981,2023-01-01 08:15:00,0.0,0.0
3578981,2023-01-01 08:20:00,0.0,0.0
3578981,2023-01-01 08:25:00,0.0,0.0
3578981,2023-01-01 08:30:00,0.0,0.0
3578981,2023-01-01 08:35:00,0.0,0.0
3578981,2023-01-01 08:40:00,0.0,0.0
3578981,2023-01-01 08:45:00,0.0,0.0
3578981,2023-01-01 08:50:00,0.0,0.0
3578981,2023-01-01 08:55:00,0.0,0.0
3578981,2023-01-01 09:00:00,0.0,0.0
3578981,2023-01-01 09:05:00,0.0,0.0
3578981,2023-01-01 09:10:00,0.0,0.0
3578981,2023-01-01 09:15:00,0.0,0.0
3578981,2023-01-01 09:20:00,0.0,0.0
3578981,2023-01-01 09:25:00,0.0,0.0
3578981,2023-01-01 09:30:00,0.0,0.0
3578981,2023-01-01 09:35:00,0.0,0.0
3578981,2023-01-01 09:40:00,0.0,0.0
3578981,2023-01-01 09:45:00,0.0,0.0
3578981,2023-01-01 09:50:00,0.0,0.0
3578981,2023-01-01 09:55:00,0.0,0.0
3578981,2023-01-01 10:00:00,0.0,0.0
3578981,2023-01-01 10:05:00,0.0,0.0
3578981,2023-01-01 10:10:00,0.0,0.0
3578981,2023-01-01 10:15:00,0.0,0.0
3578981,2023-01-01 10:20:00,0.0,0.0
3578981,2023-01-01 10:25:00,0.0,0.0
3578981,2023-01-01 10:30:00,0.0,0.0
3578981,2023-01-01 10:35:00,0.0,0.0
3578981,2023-01-01 10:40:00,0.0,0.0
3578981,2023-01-01 10:45:00,0.0,0.0
3578981,2023-01-01 10:50:00,0.0,0.0
3578981,2023-01-01 10:55:00,0.0,0.0
3578981,2023-01-01 11:00:00,0.0,0.0
3578981,2023-01-01 11:05:00,0.0,0.0
3578981,2023-01-01 11:10:00,0.0,0.0
3578981,2023-01-01 11:15:00,0.0,0.0
3578981,2023-01-01 11:20:00,0.0,0.0
3578981,2023-01-01 11:25:00,0.0,0.0
3578981,2023-01-01 11:30:00,0.0,0.0
3578981,2023-01-01 11:35:00,0.0,0.0
3578981,2023-01-01 11:40:00,0.0,0.0
3578981,2023-01-01 11:45:00,0.0,0.0
3578981,2023-01-01 11:50:00,0.0,0.0
3578981,2023-01-01 11:55:00,0.0,0.0
3578981,2023-01-01 12:00:00,0.0,0.0
3578981,2023-01-01 12:05:00,0.0,0.0
3578981,2023-01-01 12:10:00,0.0,0.0
3578981,2023-01-01 12:15:00,0.0,0.0
3578981,2023-01-01 12:20:00,0.0,0.0
3578981,2023-01-01 12:25:00,0.0,0.0
3578981,2023-01-01 12:30:00,0.0,0.0
3578981,2023-01-01 12:35:00,0.0,0.0
3578981,2023-01-01 12:40:00,0.0,0.0
3578981,2023-01-01 12:45:00,0.0,0.0
3578981,2023-01-01 12:50:00,0.0,0.0
3578981,2023-01-01 12:55:00,0.0,0.0
3578981,2023-01-01 13:00:00,0.0,0.0
3578981,2023-01-01 13:05:00,0.0,0.0
3578981,2023-01-01 13:10:00,0.0,0.0
3578981,2023-01-01 13:15:00,0.0,0.0
3578981,2023-01-01 13:20:00,0.0,0.0
3578981,2023-01-01 13:25:00,0.0,0.0
3578981,2023-01-01 13:30:00,0.0,0.0
3578981,2023-01-01 13:35:00,0.0,0.0
3578981,2023-01-01 13:40:00,0.0,0.0
3578981,2023-01-01 13:45:00,0.0,0.0
3578981,2023-01-01 13:50:00,0.0,0.0
3578981,2023-01-01 13:55:00,0.0,0.0
3578981,2023-01-01 14:00:00,0.0,0.0
3578981,2023-01-01 14:05:00,0.0,0.0
3578981,2023-01-01 14:10:00,0.0,0.0
3578981,2023-01-01 14:15:00,0.0,0.0
3578981,2023-01-01 14:20:00,0.0,0.0
3578981,2023-01-01 14:25:00,0.0,0.0
3578981,2023-01-01 14:30:00,0.0,0.0
3578981,2023-01-01 14:35:00,0.0,0.0
3578981,2023-01-01 14:40:00,0.0,0.0
3578981,2023-01-01 14:45:00,0.0,0.0
3578981,2023-01-01 14:50:00,0.0,0.0
3578981,2023-01-01 14:55:00,0.0,0.0
3578981,2023-01-01 15:00:00,0.0,0.0
3578981,2023-01-01 15:05:00,0.0,0.0
3578981,2023-01-01 15:10:00,0.0,0.0
3578981,2023-01-01 15:15:00,0.0,0.0
3578981,2023-01-01 15:20:00,0.0,0.0
3578981,2023-01-01 15:25:00,0.0,0.0
3578981,2023-01-01 15:30:00,0.0,0.0
3578981,2023-01-01 15:35:00,0.0,0.0
3578981,2023-01-01 15:40:00,0.0,0.0
3578981,2023-01-01 15:45:00,0.0,0.0
3578981,2023-01-01 15:50:00,0.0,0.0
3578981,2023-01-01 15:55:00,0.0,0.0
3578981,2023-01-01 16:00:00,0.0,0.0
3578981,2023-01-01 16:05:00,0.0,0.0
3578981,2023-01-01 16:10:00,0.0,0.0
3578981,2023-01-01 16:15:00,0.0,0.0
3578981,2023-01-01 16:20:00,0.0,0.0
3578981,2023-01-01 16:25:00,0.0,0.0
3578981,2023-01-01 16:30:00,0.0,0.0
3578981,2023-01-01 16:35:00,0.0,0.0
3578981,2023-01-01 16:40:00,0.0,0.0
3578981,2023-01-01 16:45:00,0.0,0.0
3578981,2023-01-01 16:50:00,0.0,0.0
3578981,2023-01-01 16:55:00,0.0,0.0
3578981,2023-01-01 17:00:00,0.0,0.0
3578981,2023-01-01 17:05:00,0.0,0.0
3578981,2023-01-01 17:10:00,0.0,0.0
3578981,2023-01-01 17:15:00,0.0,0.0
3578981,2023-01-01 17:20:00,0.0,0.0
3578981,2023-01-01 17:25:00,0.0,0.0
3578981,2023-01-01 17:30:00,0.0,0.0
3578981,2023-01-01 17:35:00,0.0,0.0
3578981,2023-01-01 17:40:00,0.0,0.0
3578981,2023-01-01 17:45:00,0.0,0.0
3578981,2023-01-01 17:50:00,0.0,0.0
3578981,2023-01-01 17:55:00,0.0,0.0
3578981,2023-01-01 18:00:00,0.0,0.0
3578981,2023-01-01 18:05:00,0.0,0.0
3578981,2023-01-01 18:10:00,0.0,0.0
3578981,2023-01-01 18:15:00,0.0,0.0
3578981,2023-01-01 18:20:00,0.0,0.0
3578981,2023-01-01 18:25:00,0.0,0.0
3578981,2023-01-01 18:30:00,0.0,0.0
3578981,2023-01-01 18:35:00,0.0,0.0
3578981,2023-01-01 18:40:00,0.0,0.0
3578981,2023-01-01 18:45:00,0.0,0.0
3578981,2023-01-01 18:50:00,0.0,0.0
3578981,2023-01-01 18:55:00,0.0,0.0
3578981,2023-01-01 19:00:00,0.0,0.0
3578981,2023-01-01 19:05:00,0.0,0.0
3578981,2023-01-01 19:10:00,0.0,0.0
3578981,2023-01-01 19:15:00,0.0,0.0
3578981,2023-01-01 19:20:00,0.0,0.0
3578981,2023-01-01 19:25:00,0.0,0.0
3578981,2023-01-01 19:30:00,0.0,0.0
3578981,2023-01-01 19:35:00,0.0,0.0
3578981,2023-01-01 19:40:00,0.0,0.0
3578981,2023-01-01 19:45:00,0.0,0.0
3578981,2023-01-01 19:50:00,0.0,0.0
3578981,2023-01-01 19:55:00,0.0,0.0
3578981,2023-01-01 20:00:00,0.0,0.0
3578981,2023-01-01 20:05:00,0.0,0.0
3578981,2023-01-01 20:10:00,0.0,0.0
3578981,2023-01-01 20:15:00,0.0,0.0
3578981,2023-01-01 20:20:00,0.0,0.0
3578981,2023-01-01 20:25:00,0.0,0.0
3578981,2023-01-01 20:30:00,0.0,0.0
3578981,2023-01-01 20:35:00,0.0,0.0
3578981,2023-01-01 20:40:00,0.0,0.0
3578981,2023-01-01 20:45:00,0.0,0.0
3578981,2023-01-01 20:50:00,0.0,0.0
3578981,2023-01-01 20:55:00,0.0,0.0
3578981,2023-01-01 21:00:00,0.0,0.0
3578981,2023-01-01 21:05:00,0.0,0.0
3578981,2023-01-01 21:10:00,0.0,0.0
3578981,2023-01-01 21:15:00,0.0,0.0
3578981,2023-01-01 21:20:00,0.0,0.0
3578981,2023-01-01 21:25:00,0.0,0.0
3578981,2023-01-01 21:30:00,0.0,0.0
3578981,2023-01-01 21:35:00,0.0,0.0
3578981,2023-01-01 21:40:00,0.0,0.0
3578981,2023-01-01 21:45:00,0.0,0.0
3578981,2023-01-01 21:50:00,0.0,0.0
3578981,2023-01-01 21:55:00,0.0,0.0
3578981,2023-01-01 22:00:00,0.0,0.0
3578981,2023-01-01 22:05:00,0.0,0.0
3578981,2023-01-01 22:10:00,0.0,0.0
3578981,2023-01-01 22:15:00,0.0,0.0
3578981,2023-01-01 22:20:00,0.0,0.0
3578981,2023-01-01 22:25:00,0.0,0.0
3578981,2023-01-01 22:30:00,0.0,0.0
3578981,2023-01-01 22:35:00,0.0,0.0
3578981,2023-01-01 22:40:00,0.0,0.0
3578981,2023-01-01 22:45:00,0.0,0.0
3578981,2023-01-01 22:50:00,0.0,0.0
3578981,2023-01-01 22:55:00,0.0,0.0
3578981,2023-01-01 23:00:00,0.0,0.0
3578981,2023-01-01 23:05:00,0.0,0.0
3578981,2023-01-01 23:10:00,0.0,0.0
3578981,2023-01-01 23:15:00,0.0,0.0
3578981,2023-01-01 23:20:00,0.0,0.0
3578981,2023-01-01 23:25:00,0.0,0.0
3578981,2023-01-01 23:30:00,0.0,0.0
3578981,2023-01-01 23:35:00,0.0,0.0
3578981,2023-01-01 23:40:00,0.0,0.0
3578981,2023-01-01 23:45:00,0.0,0.0
3578981,2023-01-01 23:50:00,0.0,0.0
3578981,2023-01-01 23:55:00,0.0,0.0
3578981,2023-01-02 00:00:00,0.0,0.0
3578981,2023-01-02 00:05:00,0.0,0.0
3578981,2023-01-02 00:10:00,0.0,0.0
3578981,2023-01-02 00:15:00,0.0,0.0
3578981,2023-01-02 00:20:00,0.0,0.0
3578981,2023-01-02 00:25:00,0.0,0.0
3578981,2023-01-02 00:30:00,0.0,0.0
3578981,2023-01-02 00:35:00,0.0,0.0
3578981,2023-01-02 00:40:00,0.0,0.0
3578981,2023-01-02 00:45:00,0.0,0.0
3578981,2023-01-02 00:50:00,0.0,0.0
3578981,2023-01-02 00:55:00,0.0,0.0
3578981,2023-01-02 01:00:00,0.0,0.0
3578981,2023-01-02 01:05:00,0.0,0.0
3578981,2023-01-02 01:10:00,0.0,0.0
3578981,2023-01-02 01:15:00,0.0,0.0
3578981,2023-01-02 01:20:00,0.0,0.0
3578981,2023-01-02 01:25:00,0.0,0.0
3578981,2023-01-02 01:30:00,0.0,0.0
3578981,2023-01-02 01:35:00,0.0,0.0
3578981,2023-01-02 01:40:00,0.0,0.0
3578981,2023-01-02 01:45:00,0.0,0.0
3578981,2023-01-02 01:50:00,0.0,0.0
3578981,2023-01-02 01:55:00,0.0,0.0
3578981,2023-01-02 02:00:00,0.0,0.0
3578981,2023-01-02 02:05:00,0.0,0.0
3578981,2023-01-02 02:10:00,0.0,0.0
3578981,2023-01-02 02:15:00,0.0,0.0
3578981,2023-01-02 02:20:00,0.0,0.0
3578981,2023-01-02 02:25:00,0.0,0.0
3578981,2023-01-02 02:30:00,0.0,0.0
3578981,2023-01-02 02:35:00,0.0,0.0
3578981,2023-01-02 02:40:00,0.0,0.0
3578981,2023-01-02 02:45:00,0.0,0.0
3578981,2023-01-02 02:50:00,0.0,0.0
3578981,2023-01-02 02:55:00,0.0,0.0
3578981,2023-01-02 03:00:00,0.0,0.0
3578981,2023-01-02 03:05:00,0.0,0.0
3578981,2023-01-02 03:10:00,0.0,0.0
3578981,2023-01-02 03:15:00,0.0,0.0
3578981,2023-01-02 03:20:00,0.0,0.0
3578981,2023-01-02 03:25:00,0.0,0.0
3578981,2023-01-02 03:30:00,0.0,0.0
3578981,2023-01-02 03:35:00,0.0,0.0
3578981,2023-01-02 03:40:00,0.0,0.0
3578981,2023-01-02 03:45:00,0.0,0.0
3578981,2023-01-02 03:50:00,0.0,0.0
3578981,2023-01-02 03:55:00,0.0,0.0
3578981,2023-01-02 04:00:00,0.0,0.0
3578981,2023-01-02 04:05:00,0.0,0.0
3578981,2023-01-02 04:10:00,0.0,0.0
3578981,2023-01-02 04:15:00,0.0,0.0
3578981,2023-01-02 04:20:00,0.0,0.0
3578981,2023-01-02 04:25:00,0.0,0.0
3578981,2023-01-02 04:30:00,0.0,0.0
3578981,2023-01-02 04:35:00,0.0,0.0
3578981,2023-01-02 04:40:00,0.0,0.0
3578981,2023-01-02 04:45:00,0.0,0.0
3578981,2023-01-02 04:50:00,0.0,0.0
3578981,2023-01-02 04:55:00,0.0,0.0
3578981,2023-01-02 05:00:00,0.0,0.0
3578981,2023-01-02 05:05:00,0.0,0.0
3578981,2023-01-02 05:10:00,0.0,0.0
3578981,2023-01-02 05:15:00,0.0,0.0
3578981,2023-01-02 05:20:00,0.0,0.0
3578981,2023-01-02 05:25:00,0.0,0.0
3578981,2023-01-02 05:30:00,0.0,0.0
3578981,2023-01-02 05:35:00,0.0,0.0
3578981,2023-01-02 05:40:00,0.0,0.0
3578981,2023-01-02 05:45:00,0.0,0.0
3578981,2023-01-02 05:50:00,0.0,0.0
3578981,2023-01-02 05:55:00,0.0,0.0
3578981,2023-01-02 06:00:00,0.0,0.0
3578981,2023-01-02 06:05:00,0.0,0.0
3578981,2023-01-02 06:10:00,0.0,0.0
3578981,2023-01-02 06:15:00,0.0,0.0
3578981,2023-01-02 06:20:00,0.0,0.0
3578981,2023-01-02 06:25:00,0.0,0.0
3578981,2023-01-02 06:30:00,0.0,0.0
3578981,2023-01-02 06:35:00,0.0,0.0
3578981,2023-01-02 06:40:00,0.0,0.0
3578981,2023-01-02 06:45:00,0.0,0.0
3578981,2023-01-02 06:50:00,0.0,0.0
3578981,2023-01-02 06:55:00,0.0,0.0
3578981,2023-01-02 07:00:00,0.0,0.0
3578981,2023-01-02 07:05:00,0.0,0.0
3578981,2023-01-02 07:10:00,0.0,0.0
3578981,2023-01-02 07:15:00,0.0,0.0
3578981,2023-01-02 07:20:00,0.0,0.0
3578981,2023-01-02 07:25:00,0.0,0.0
3578981,2023-01-02 07:30:00,0.0,0.0
3578981,2023-01-02 07:35:00,0.0,0.0
3578981,2023-01-02 07:40:00,0.0,0.0
3578981,2023-01-02 07:45:00,0.0,0.0
3578981,2023-01-02 07:50:00,0.0,0.0
3578981,2023-01-02 07:55:00,0.0,0.0
3578981,2023-01-02 08:00:00,0.0,0.0
3578981,2023-01-02 08:05:00,0.0,0.0
3578981,2023-01-02 08:10:00,0.0,0.0
3578981,2023-01-02 08:15:00,0.0,0.0
3578981,2023-01-02 08:20:00,0.0,0.0
3578981,2023-01-02 08:25:00,0.0,0.0
3578981,2023-01-02 08:30:00,0.0,0.0
3578981,2023-01-02 08:35:00,0.0,0.0
3578981,2023-01-02 08:40:00,0.0,0.0
3578981,2023-01-02 08:45:00,0.0,0.0
3578981,2023-01-02 08:50:00,0.0,0.0
3578981,2023-01-02 08:55:00,0.0,0.0
3578981,2023-01-02 09:00:00,0.0,0.0
3578981,2023-01-02 09:05:00,0.0,0.0
3578981,2023-01-02 09:10:00,0.0,0.0
3578981,2023-01-02 09:15:00,0.0,0.0
3578981,2023-01-02 09:20:00,0.0,0.0
3578981,2023-01-02 09:25:00,0.0,0.0
3578981,2023-01-02 09:30:00,0.0,0.0
3578981,2023-01-02 09:35:00,0.0,0.0
3578981,2023-01-02 09:40:00,0.0,0.0
3578981,2023-01-02 09:45:00,0.0,0.0
3578981,2023-01-02 09:50:00,0.0,0.0
3578981,2023-01-02 09:55:00,0.0,0.0
3578981,2023-01-02 10:00:00,0.0,0.0
3578981,2023-01-02 10:05:00,0.0,0.0
3578981,2023-01-02 10:10:00,0.0,0.0
3578981,2023-01-02 10:15:00,0.0,0.0
3578981,2023-01-02 10:20:00,0.0,0.0
3578981,2023-01-02 10:25:00,0.0,0.0
3578981,2023-01-02 10:30:00,0.0,0.0
3578981,2023-01-02 10:35:00,0.0,0.0
3578981,2023-01-02 10:40:00,0.0,0.0
3578981,2023-01-02 10:45:00,0.0,0.0
3578981,2023-01-02 10:50:00,0.0,0.0
3578981,2023-01-02 10:55:00,0.0,0.0
3578981,2023-01-02 11:00:00,0.0,0.0
3578981,2023-01-02 11:05:00,0.0,0.0
3578981,2023-01-02 11:10:00,0.0,0.0
3578981,2023-01-02 11:15:00,0.0,0.0
3578981,2023-01-02 11:20:00,0.0,0.0
3578981,2023-01-02 11:25:00,0.0,0.0
3578981,2023-01-02 11:30:00,0.0,0.0
3578981,2023-01-02 11:35:00,0.0,0.0
3578981,2023-01-02 11:40:00,0.0,0.0
3578981,2023-01-02 11:45:00,0.0,0.0
3578981,2023-01-02 11:50:00,0.0,0.0
3578981,2023-01-02 11:55:00,0.0,0.0
3578981,2023-01-02 12:00:00,0.0,0.0
3578981,2023-01-02 12:05:00,0.0,0.0
3578981,2023-01-02 12:10:00,0.0,0.0
3578981,2023-01-02 12:15:00,0.0,0.0
3578981,2023-01-02 12:20:00,0.0,0.0
3578981,2023-01-02 12:25:00,0.0,0.0
3578981,2023-01-02 12:30:00,0.0,0.0
3578981,2023-01-02 12:35:00,0.0,0.0
3578981,2023-01-02 12:40:00,0.0,0.0
3578981,2023-01-02 12:45:00,0.0,0.0
3578981,2023-01-02 12:50:00,0.0,0.0
3578981,2023-01-02 12:55:00,0.0,0.0
3578981,2023-01-02 13:00:00,0.0,0.0
3578981,2023-01-02 13:05:00,0.0,0.0
3578981,2023-01-02 13:10:00,0.0,0.0
3578981,2023-01-02 13:15:00,0.0,0.0
3578981,2023-01-02 13:20:00,0.0,0.0
3578981,2023-01-02 13:25:00,0.0,0.0
3578981,2023-01-02 13:30:00,0.0,0.0
3578981,2023-01-02 13:35:00,0.0,0.0
3578981,2023-01-02 13:40:00,0.0,0.0
3578981,2023-01-02 13:45:00,0.0,0.0
3578981,2023-01-02 13:50:00,0.0,0.0
3578981,2023-01-02 13:55:00,0.0,0.0
3578981,2023-01-02 14:00:00,0.0,0.0
3578981,2023-01-02 14:05:00,0.0,0.0
3578981,2023-01-02 14:10:00,0.0,0.0
3578981,2023-01-02 14:15:00,0.0,0.0
3578981,2023-01-02 14:20:00,0.0,0.0
3578981,2023-01-02 14:25:00,0.0,0.0
3578981,2023-01-02 14:30:00,0.0,0.0
3578981,2023-01-02 14:35:00,0.0,0.0
3578981,2023-01-02 14:40:00,0.0,0.0
3578981,2023-01-02 14:45:00,0.0,0.0
3578981,2023-01-02 14:50:00,0.0,0.0
3578981,2023-01-02 14:55:00,0.0,0.0
3578981,2023-01-02 15:00:00,0.0,0.0
3578981,2023-01-02 15:05:00,0.0,0.0
3578981,2023-01-02 15:10:00,0.0,0.0
3578981,2023-01-02 15:15:00,0.0,0.0
3578981,2023-01-02 15:20:00,0.0,0.0
3578981,2023-01-02 15:25:00,0.0,0.0
3578981,2023-01-02 15:30:00,0.0,0.0
3578981,2023-01-02 15:35:00,0.0,0.0
3578981,2023-01-02 15:40:00,0.0,0.0
3578981,2023-01-02 15:45:00,0.0,0.0
3578981,2023-01-02 15:50:00,0.0,0.0
3578981,2023-01-02 15:55:00,0.0,0.0
3578981,2023-01-02 16:00:00,0.0,0.0
3578981,2023-01-02 16:05:00,0.0,0.0
3578981,2023-01-02 16:10:00,0.0,0.0
3578981,2023-01-02 16:15:00,0.0,0.0
3578981,2023-01-02 16:20:00,0.0,0.0
3578981,2023-01-02 16:25:00,0.0,0.0
3578981,2023-01-02 16:30:00,0.0,0.0
3578981,2023-01-02 16:35:00,0.0,0.0
3578981,2023-01-02 16:40:00,0.0,0.0
3578981,2023-01-02 16:45:00,0.0,0.0
3578981,2023-01-02 16:50:00,0.0,0.0
3578981,2023-01-02 16:55:00,0.0,0.0
3578981,2023-01-02 17:00:00,0.0,0.0
3578981,2023-01-02 17:05:00,0.0,0.0
3578981,2023-01-02 17:10:00,0.0,0.0
3578981,2023-01-02 17:15:00,0.0,0.0
3578981,2023-01-02 17:20:00,0.0,0.0
3578981,2023-01-02 17:25:00,0.0,0.0
3578981,2023-01-02 17:30:00,0.0,0.0
3578981,2023-01-02 17:35:00,0.0,0.0
3854821,2023-01-01 00:00:00,0.0833333333333333,0.5499999999999999
3854821,2023-01-01 00:05:00,0.0833333333333333,0.5499999999999999
3854821,2023-01-01 00:10:00,0.0833333333333333,0.5499999999999999
3854821,2023-01-01 00:15:00,0.0833333333333333,0.5499999999999999
3854821,2023-01-01 00:20:00,0.0833333333333333,0.5499999999999999
3854821,2023-01-01 00:25:00,0.0833333333333333,0.5499999999999999
3854821,2023-01-01 00:30:00,0.0833333333333333,0.5499999999999999
3854821,2023-01-01 00:35:00,0.0833333333333333,0.5499999999999999
3854821,2023-01-01 00:40:00,0.0833333333333333,0.5499999999999999
3854821,2023-01-01 00:45:00,0.0,0.0
3854821,2023-01-01 00:50:00,0.0,0.0
3854821,2023-01-01 00:55:00,0.0,0.0
3854821,2023-01-01 01:00:00,0.0,0.0
3854821,2023-01-01 01:05:00,0.0,0.0
3854821,2023-01-01 01:10:00,0.0,0.0
3854821,2023-01-01 01:15:00,0.0,0.0
3854821,2023-01-01 01:20:00,0.0,0.0
3854821,2023-01-01 01:25:00,0.0,0.0
3854821,2023-01-01 01:30:00,0.0,0.0
3854821,2023-01-01 01:35:00,0.0,0.0
3854821,2023-01-01 01:40:00,0.0,0.0
3854821,2023-01-01 01:45:00,0.0,0.0
3854821,2023-01-01 01:50:00,0.0,0.0
3854821,2023-01-01 01:55:00,0.0,0.0
3854821,2023-01-01 02:00:00,0.0,0.0
3854821,2023-01-01 02:05:00,0.0,0.0
3854821,2023-01-01 02:10:00,0.0,0.0
3854821,2023-01-01 02:15:00,0.0,0.0
3854821,2023-01-01 02:20:00,0.0,0.0
3854821,2023-01-01 02:25:00,0.0,0.0
3854821,2023-01-01 02:30:00,0.0,0.0
3854821,2023-01-01 02:35:00,0.0,0.0
3854821,2023-01-01 02:40:00,0.0,0.0
3854821,2023-01-01 02:45:00,0.0,0.0
3854821,2023-01-01 02:50:00,0.0,0.0
3854821,2023-01-01 02:55:00,0.0,0.0
3854821,2023-01-01 03:00:00,0.0,0.0
3854821,2023-01-01 03:05:00,0.0,0.0
3854821,2023-01-01 03:10:00,0.0,0.0
3854821,2023-01-01 03:15:00,0.0,0.0
3854821,2023-01-01 03:20:00,0.0,0.0
3854821,2023-01-01 03:25:00,0.0,0.0
3854821,2023-01-01 03:30:00,0.0,0.0
3854821,2023-01-01 03:35:00,0.0,0.0
3854821,2023-01-01 03:40:00,0.0,0.0
3854821,2023-01-01 03:45:00,0.0,0.0
3854821,2023-01-01 03:50:00,0.0,0.0
3854821,2023-01-01 03:55:00,0.0,0.0
3854821,2023-01-01 04:00:00,0.0,0.0
3854821,2023-01-01 04:05:00,0.0,0.0
3854821,2023-01-01 04:10:00,0.0,0.0
3854821,2023-01-01 04:15:00,0.0,0.0
3854821,2023-01-01 04:20:00,0.0,0.0
3854821,2023-01-01 04:25:00,0.0,0.0
3854821,2023-01-01 04:30:00,0.0,0.0
3854821,2023-01-01 04:35:00,0.0,0.0
3854821,2023-01-01 04:40:00,0.0,0.0
3854821,2023-01-01 04:45:00,0.0,0.0
3854821,2023-01-01 04:50:00,0.0,0.0
3854821,2023-01-01 04:55:00,0.0,0.0
3854821,2023-01-01 05:00:00,0.0,0.0
3854821,2023-01-01 05:05:00,0.0,0.0
3854821,2023-01-01 05:10:00,0.0,0.0
3854821,2023-01-01 05:15:00,0.0,0.0
3854821,2023-01-01 05:20:00,0.0,0.0
3854821,2023-01-01 05:25:00,0.0,0.0
3854821,2023-01-01 05:30:00,0.0,0.0
3854821,2023-01-01 05:35:00,0.0,0.0
3854821,2023-01-01 05:40:00,0.0,0.0
3854821,2023-01-01 05:45:00,0.0,0.0
3854821,2023-01-01 05:50:00,0.0,0.0
3854821,2023-01-01 05:55:00,0.0,0.0
3854821,2023-01-01 06:00:00,0.0,0.0
3854821,2023-01-01 06:05:00,0.0,0.0
3854821,2023-01-01 06:10:00,0.0,0.0
3854821,2023-01-01 06:15:00,0.0,0.0
3854821,2023-01-01 06:20:00,0.0,0.0
3854821,2023-01-01 06:25:00,0.0,0.0
3854821,2023-01-01 06:30:00,0.0,0.0
3854821,2023-01-01 06:35:00,0.0,0.0
3854821,2023-01-01 06:40:00,0.0,0.0
3854821,2023-01-01 06:45:00,0.0,0.0
3854821,2023-01-01 06:50:00,0.0,0.0
3854821,2023-01-01 06:55:00,0.0,0.0
3854821,2023-01-01 07:00:00,0.0,0.0
3854821,2023-01-01 07:05:00,0.0,0.0
3854821,2023-01-01 07:10:00,0.0,0.0
3854821,2023-01-01 07:15:00,0.0,0.0
3854821,2023-01-01 07:20:00,0.0,0.0
3854821,2023-01-01 07:25:00,0.0,0.0
3854821,2023-01-01 07:30:00,0.0,0.0
3854821,2023-01-01 07:35:00,0.0,0.0
3854821,2023-01-01 07:40:00,0.0,0.0
3854821,2023-01-01 07:45:00,0.0,0.0
3854821,2023-01-01 07:50:00,0.0,0.0
3854821,2023-01-01 07:55:00,0.0,0.0
3854821,2023-01-01 08:00:00,0.0,0.0
3854821,2023-01-01 08:05:00,0.0,0.0
3854821,2023-01-01 08:10:00,0.0,0.0
3854821,2023-01-01 08:15:00,0.0,0.0
3854821,2023-01-01 08:20:00,0.0,0.0
3854821,2023-01-01 08:25:00,0.0,0.0
3854821,2023-01-01 08:30:00,0.0,0.0
3854821,2023-01-01 08:35:00,0.0,0.0
3854821,2023-01-01 08:40:00,0.0,0.0
3854821,2023-01-01 08:45:00,0.0,0.0
3854821,2023-01-01 08:50:00,0.0,0.0
3854821,2023-01-01 08:55:00,0.0,0.0
3854821,2023-01-01 09:00:00,0.0,0.0
3854821,2023-01-01 09:05:00,0.0,0.0
3854821,2023-01-01 09:10:00,0.0,0.0
3854821,2023-01-01 09:15:00,0.0,0.0
3854821,2023-01-01 09:20:00,0.0,0.0
3854821,2023-01-01 09:25:00,0.0,0.0
3854821,2023-01-01 09:30:00,0.0,0.0
3854821,2023-01-01 09:35:00,0.0,0.0
3854821,2023-01-01 09:40:00,0.0,0.0
3854821,2023-01-01 09:45:00,0.0,0.0
3854821,2023-01-01 09:50:00,0.0,0.0
3854821,2023-01-01 09:55:00,0.0,0.0
3854821,2023-01-01 10:00:00,0.0,0.0
3854821,2023-01-01 10:05:00,0.0,0.0
3854821,2023-01-01 10:10:00,0.0,0.0
3854821,2023-01-01 10:15:00,0.0,0.0
3854821,2023-01-01 10:20:00,0.0,0.0
3854821,2023-01-01 10:25:00,0.0,0.0
3854821,2023-01-01 10:30:00,0.0,0.0
3854821,2023-01-01 10:35:00,0.0,0.0
3854821,2023-01-01 10:40:00,0.0,0.0
3854821,2023-01-01 10:45:00,0.0,0.0
3854821,2023-01-01 10:50:00,0.0,0.0
3854821,2023-01-01 10:55:00,0.0,0.0
3854821,2023-01-01 11:00:00,0.0,0.0
3854821,2023-01-01 11:05:00,0.0,0.0
3854821,2023-01-01 11:10:00,0.0,0.0
3854821,2023-01-01 11:15:00,0.0,0.0
3854821,2023-01-01 11:20:00,0.0,0.0
3854821,2023-01-01 11:25:00,0.0,0.0
3854821,2023-01-01 11:30:00,0.0,0.0
3854821,2023-01-01 11:35:00,0.0,0.0
3854821,2023-01-01 11:40:00,0.0,0.0
3854821,2023-01-01 11:45:00,0.0,0.0
3854821,2023-01-01 11:50:00,0.0,0.0
3854821,2023-01-01 11:55:00,0.0,0.0
3854821,2023-01-01 12:00:00,0.0,0.0
3854821,2023-01-01 12:05:00,0.0,0.0
3854821,2023-01-01 12:10:00,0.0,0.0
3854821,2023-01-01 12:15:00,0.0,0.0
3854821,2023-01-01 12:20:00,0.0,0.0
3854821,2023-01-01 12:25:00,0.0,0.0
3854821,2023-01-01 12:30:00,0.0,0.0
3854821,2023-01-01 12:35:00,0.0,0.0
3854821,2023-01-01 12:40:00,0.0,0.0
3854821,2023-01-01 12:45:00,0.0,0.0
3854821,2023-01-01 12:50:00,0.0,0.0
3854821,2023-01-01 12:55:00,0.0,0.0
3854821,2023-01-01 13:00:00,0.0,0.0
3854821,2023-01-01 13:05:00,0.0,0.0
3854821,2023-01-01 13:10:00,0.0,0.0
3854821,2023-01-01 13:15:00,0.0,0.0
3854821,2023-01-01 13:20:00,0.0,0.0
3854821,2023-01-01 13:25:00,0.0,0.0
3854821,2023-01-01 13:30:00,0.0,0.0
3854821,2023-01-01 13:35:00,0.0,0.0
3854821,2023-01-01 13:40:00,0.0,0.0
3854821,2023-01-01 13:45:00,0.0,0.0
3854821,2023-01-01 13:50:00,0.0,0.0
3854821,2023-01-01 13:55:00,0.0,0.0
3854821,2023-01-01 14:00:00,0.0,0.0
3854821,2023-01-01 14:05:00,0.0,0.0
3854821,2023-01-01 14:10:00,0.0,0.0
3854821,2023-01-01 14:15:00,0.0,0.0
3854821,2023-01-01 14:20:00,0.0,0.0
3854821,2023-01-01 14:25:00,0.0,0.0
3854821,2023-01-01 14:30:00,0.0,0.0
3854821,2023-01-01 14:35:00,0.0,0.0
3854821,2023-01-01 14:40:00,0.0,0.0
3854821,2023-01-01 14:45:00,0.0,0.0
3854821,2023-01-01 14:50:00,0.0,0.0
3854821,2023-01-01 14:55:00,0.0,0.0
3854821,2023-01-01 15:00:00,0.0,0.0
3854821,2023-01-01 15:05:00,0.0,0.0
3854821,2023-01-01 15:10:00,0.0,0.0
3854821,2023-01-01 15:15:00,0.0,0.0
3854821,2023-01-01 15:20:00,0.0,0.0
3854821,2023-01-01 15:25:00,0.0,0.0
3854821,2023-01-01 15:30:00,0.0,0.0
3854821,2023-01-01 15:35:00,0.0,0.0
3854821,2023-01-01 15:40:00,0.0,0.0
3854821,2023-01-01 15:45:00,0.0,0.0
3854821,2023-01-01 15:50:00,0.0,0.0
3854821,2023-01-01 15:55:00,0.0,0.0
3854821,2023-01-01 16:00:00,0.0,0.0
3854821,2023-01-01 16:05:00,0.0,0.0
3854821,2023-01-01 16:10:00,0.0,0.0
3854821,2023-01-01 16:15:00,0.0,0.0
3854821,2023-01-01 16:20:00,0.0,0.0
3854821,2023-01-01 16:25:00,0.0,0.0
3854821,2023-01-01 16:30:00,0.0,0.0
3854821,2023-01-01 16:35:00,0.0,0.0
3854821,2023-01-01 16:40:00,0.0,0.0
3854821,2023-01-01 16:45:00,0.0,0.0
3854821,2023-01-01 16:50:00,0.0,0.0
3854821,2023-01-01 16:55:00,0.0,0.0
3854821,2023-01-01 17:00:00,0.0,0.0
3854821,2023-01-01 17:05:00,0.0,0.0
3854821,2023-01-01 17:10:00,0.0,0.0
3854821,2023-01-01 17:15:00,0.0,0.0
3854821,2023-01-01 17:20:00,0.0,0.0
3854821,2023-01-01 17:25:00,0.0,0.0
3854821,2023-01-01 17:30:00,0.0,0.0
3854821,2023-01-01 17:35:00,0.0,0.0
3854821,2023-01-01 17:40:00,0.0,0.0
3854821,2023-01-01 17:45:00,0.0,0.0
3854821,2023-01-01 17:50:00,0.0,0.0
3854821,2023-01-01 17:55:00,0.0,0.0
3854821,2023-01-01 18:00:00,0.0,0.0
3854821,2023-01-01 18:05:00,0.0,0.0
3854821,2023-01-01 18:10:00,0.0,0.0
3854821,2023-01-01 18:15:00,0.0,0.0
3854821,2023-01-01 18:20:00,0.0,0.0
3854821,2023-01-01 18:25:00,0.0,0.0
3854821,2023-01-01 18:30:00,0.0,0.0
3854821,2023-01-01 18:35:00,0.0,0.0
3854821,2023-01-01 18:40:00,0.0,0.0
3854821,2023-01-01 18:45:00,0.0,0.0
3854821,2023-01-01 18:50:00,0.0,0.0
3854821,2023-01-01 18:55:00,0.0,0.0
3854821,2023-01-01 19:00:00,0.0,0.0
3854821,2023-01-01 19:05:00,0.0,0.0
3854821,2023-01-01 19:10:00,0.0,0.0
3854821,2023-01-01 19:15:00,0.0,0.0
3854821,2023-01-01 19:20:00,0.0,0.0
3854821,2023-01-01 19:25:00,0.0,0.0
3854821,2023-01-01 19:30:00,0.0,0.0
3854821,2023-01-01 19:35:00,0.0,0.0
3854821,2023-01-01 19:40:00,0.0,0.0
3854821,2023-01-01 19:45:00,0.0,0.0
3854821,2023-01-01 19:50:00,0.0,0.0
3854821,2023-01-01 19:55:00,0.0,0.0
3854821,2023-01-01 20:00:00,0.0,0.0
3854821,2023-01-01 20:05:00,0.0,0.0
3854821,2023-01-01 20:10:00,0.0,0.0
3854821,2023-01-01 20:15:00,0.0,0.0
3854821,2023-01-01 20:20:00,0.0,0.0
3854821,2023-01-01 20:25:00,0.0,0.0
3854821,2023-01-01 20:30:00,0.0,0.0
3854821,2023-01-01 20:35:00,0.0,0.0
3854821,2023-01-01 20:40:00,0.0,0.0
3854821,2023-01-01 20:45:00,0.0,0.0
3854821,2023-01-01 20:50:00,0.0,0.0
3854821,2023-01-01 20:55:00,0.0,0.0
3854821,2023-01-01 21:00:00,0.0,0.0
3854821,2023-01-01 21:05:00,0.0,0.0
3854821,2023-01-01 21:10:00,0.0,0.0
3854821,2023-01-01 21:15:00,0.0,0.0
3854821,2023-01-01 21:20:00,0.0,0.0
3854821,2023-01-01 21:25:00,0.0,0.0
3854821,2023-01-01 21:30:00,0.0,0.0
3854821,2023-01-01 21:35:00,0.0,0.0
3854821,2023-01-01 21:40:00,0.0,0.0
3854821,2023-01-01 21:45:00,0.0,0.0
3854821,2023-01-01 21:50:00,0.0,0.0
3854821,2023-01-01 21:55:00,0.0,0.0
3854821,2023-01-01 22:00:00,0.0,0.0
3854821,2023-01-01 22:05:00,0.0,0.0
3854821,2023-01-01 22:10:00,0.0,0.0
3854821,2023-01-01 22:15:00,0.0,0.0
3854821,2023-01-01 22:20:00,0.0,0.0
3854821,2023-01-01 22:25:00,0.0,0.0
3854821,2023-01-01 22:30:00,0.0,0.0
3854821,2023-01-01 22:35:00,0.0,0.0
3854821,2023-01-01 22:40:00,0.0,0.0
3854821,2023-01-01 22:45:00,0.0,0.0
3854821,2023-01-01 22:50:00,0.0,0.0
3854821,2023-01-01 22:55:00,0.0,0.0
3854821,2023-01-01 23:00:00,0.0,0.0
3854821,2023-01-01 23:05:00,0.0,0.0
3854821,2023-01-01 23:10:00,0.0,0.0
3854821,2023-01-01 23:15:00,0.0,0.0
3854821,2023-01-01 23:20:00,0.0,0.0
3854821,2023-01-01 23:25:00,0.0,0.0
3854821,2023-01-01 23:30:00,0.0,0.0
3854821,2023-01-01 23:35:00,0.0,0.0
3854821,2023-01-01 23:40:00,0.0,0.0
3854821,2023-01-01 23:45:00,0.0,0.0
3854821,2023-01-01 23:50:00,0.0,0.0
3854821,2023-01-01 23:55:00,0.0,0.0
3854821,2023-01-02 00:00:00,0.0,0.0
3854821,2023-01-02 00:05:00,0.0,0.0
3854821,2023-01-02 00:10:00,0.0,0.0
3854821,2023-01-02 00:15:00,0.0,0.0
3854821,2023-01-02 00:20:00,0.0,0.0
3854821,2023-01-02 00:25:00,0.0,0.0
3854821,2023-01-02 00:30:00,0.0,0.0
3854821,2023-01-02 00:35:00,0.0,0.0
3854821,2023-01-02 00:40:00,0.0,0.0
3854821,2023-01-02 00:45:00,0.0,0.0
3854821,2023-01-02 00:50:00,0.0,0.0
3854821,2023-01-02 00:55:00,0.0,0.0
3854821,2023-01-02 01:00:00,0.0,0.0
3854821,2023-01-02 01:05:00,0.0,0.0
3854821,2023-01-02 01:10:00,0.0,0.0
3854821,2023-01-02 01:15:00,0.0,0.0
3854821,2023-01-02 01:20:00,0.0,0.0
3854821,2023-01-02 01:25:00,0.0,0.0
3854821,2023-01-02 01:30:00,0.0,0.0
3854821,2023-01-02 01:35:00,0.0,0.0
3854821,2023-01-02 01:40:00,0.0,0.0
3854821,2023-01-02 01:45:00,0.0,0.0
3854821,2023-01-02 01:50:00,0.0,0.0
3854821,2023-01-02 01:55:00,0.0,0.0
3854821,2023-01-02 02:00:00,0.0,0.0
3854821,2023-01-02 02:05:00,0.0,0.0
3854821,2023-01-02 02:10:00,0.0,0.0
3854821,2023-01-02 02:15:00,0.0,0.0
3854821,2023-01-02 02:20:00,0.0,0.0
3854821,2023-01-02 02:25:00,0.0,0.0
3854821,2023-01-02 02:30:00,0.0,0.0
3854821,2023-01-02 02:35:00,0.0,0.0
3854821,2023-01-02 02:40:00,0.0,0.0
3854821,2023-01-02 02:45:00,0.0,0.0
3854821,2023-01-02 02:50:00,0.0,0.0
3854821,2023-01-02 02:55:00,0.0,0.0
3854821,2023-01-02 03:00:00,0.0,0.0
3854821,2023-01-02 03:05:00,0.0,0.0
3854821,2023-01-02 03:10:00,0.0,0.0
3854821,2023-01-02 03:15:00,0.0,0.0
3854821,2023-01-02 03:20:00,0.0,0.0
3854821,2023-01-02 03:25:00,0.0,0.0
3854821,2023-01-02 03:30:00,0.0,0.0
3854821,2023-01-02 03:35:00,0.0,0.0
3854821,2023-01-02 03:40:00,0.0,0.0
3854821,2023-01-02 03:45:00,0.0,0.0
3854821,2023-01-02 03:50:00,0.0,0.0
3854821,2023-01-02 03:55:00,0.0,0.0
3854821,2023-01-02 04:00:00,0.0,0.0
3854821,2023-01-02 04:05:00,0.0,0.0
3854821,2023-01-02 04:10:00,0.0,0.0
3854821,2023-01-02 04:15:00,0.0,0.0
3854821,2023-01-02 04:20:00,0.0,0.0
3854821,2023-01-02 04:25:00,0.0,0.0
3854821,2023-01-02 04:30:00,0.0,0.0
3854821,2023-01-02 04:35:00,0.0,0.0
3854821,2023-01-02 04:40:00,0.0,0.0
3854821,2023-01-02 04:45:00,0.0,0.0
3854821,2023-01-02 04:50:00,0.0,0.0
3854821,2023-01-02 04:55:00,0.0,0.0
3854821,2023-01-02 05:00:00,0.0,0.0
3854821,2023-01-02 05:05:00,0.0,0.0
3854821,2023-01-02 05:10:00,0.0,0.0
3854821,2023-01-02 05:15:00,0.0,0.0
3854821,2023-01-02 05:20:00,0.0,0.0
3854821,2023-01-02 05:25:00,0.0,0.0
3854821,2023-01-02 05:30:00,0.0,0.0
3854821,2023-01-02 05:35:00,0.0,0.0
3854821,2023-01-02 05:40:00,0.0,0.0
3854821,2023-01-02 05:45:00,0.0,0.0
3854821,2023-01-02 05:50:00,0.0,0.0
3854821,2023-01-02 05:55:00,0.0,0.0
3854821,2023-01-02 06:00:00,0.0,0.0
3854821,2023-01-02 06:05:00,0.0,0.0
3854821,2023-01-02 06:10:00,0.0,0.0
3854821,2023-01-02 06:15:00,0.0,0.0
3854821,2023-01-02 06:20:00,0.0,0.0
3854821,2023-01-02 06:25:00,0.0,0.0
3854821,2023-01-02 06:30:00,0.0,0.0
3854821,2023-01-02 06:35:00,0.0,0.0
3854821,2023-01-02 06:40:00,0.0,0.0
3854821,2023-01-02 06:45:00,0.0,0.0
3854821,2023-01-02 06:50:00,0.0,0.0
3854821,2023-01-02 06:55:00,0.0,0.0
3854821,2023-01-02 07:00:00,0.0,0.0
3854821,2023-01-02 07:05:00,0.0,0.0
3854821,2023-01-02 07:10:00,0.0,0.0
3854821,2023-01-02 07:15:00,0.0,0.0
3854821,2023-01-02 07:20:00,0.0,0.0
3854821,2023-01-02 07:25:00,0.0,0.0
3854821,2023-01-02 07:30:00,0.0,0.0
3854821,2023-01-02 07:35:00,0.0,0.0
3854821,2023-01-02 07:40:00,0.0,0.0
3854821,2023-01-02 07:45:00,0.0,0.0
3854821,2023-01-02 07:50:00,0.0,0.0
3854821,2023-01-02 07:55:00,0.0,0.0
3854821,2023-01-02 08:00:00,0.0,0.0
3854821,2023-01-02 08:05:00,0.0,0.0
3854821,2023-01-02 08:10:00,0.0,0.0
3854821,2023-01-02 08:15:00,0.0,0.0
3854821,2023-01-02 08:20:00,0.0,0.0
3854821,2023-01-02 08:25:00,0.0,0.0
3854821,2023-01-02 08:30:00,0.0,0.0
3854821,2023-01-02 08:35:00,0.0,0.0
3854821,2023-01-02 08:40:00,0.0,0.0
3854821,2023-01-02 08:45:00,0.0,0.0
3854821,2023-01-02 08:50:00,0.0,0.0
3854821,2023-01-02 08:55:00,0.0,0.0
3854821,2023-01-02 09:00:00,0.0,0.0
3854821,2023-01-02 09:05:00,0.0,0.0
3854821,2023-01-02 09:10:00,0.0,0.0
3854821,2023-01-02 09:15:00,0.0,0.0
3854821,2023-01-02 09:20:00,0.0,0.0
3854821,2023-01-02 09:25:00,0.0,0.0
3854821,2023-01-02 09:30:00,0.0,0.0
3854821,2023-01-02 09:35:00,0.0,0.0
3854821,2023-01-02 09:40:00,0.0,0.0
3854821,2023-01-02 09:45:00,0.0,0.0
3854821,2023-01-02 09:50:00,0.0,0.0
3854821,2023-01-02 09:55:00,0.0,0.0
3854821,2023-01-02 10:00:00,0.0,0.0
3854821,2023-01-02 10:05:00,0.0,0.0
3854821,2023-01-02 10:10:00,0.0,0.0
3854821,2023-01-02 10:15:00,0.0,0.0
3854821,2023-01-02 10:20:00,0.0,0.0
3854821,2023-01-02 10:25:00,0.0,0.0
3854821,2023-01-02 10:30:00,0.0,0.0
3854821,2023-01-02 10:35:00,0.0,0.0
3854821,2023-01-02 10:40:00,0.0,0.0
3854821,2023-01-02 10:45:00,0.0,0.0
3854821,2023-01-02 10:50:00,0.0,0.0
3854821,2023-01-02 10:55:00,0.0,0.0
3854821,2023-01-02 11:00:00,0.0,0.0
3854821,2023-01-02 11:05:00,0.0,0.0
3854821,2023-01-02 11:10:00,0.0,0.0
3854821,2023-01-02 11:15:00,0.0,0.0
3854821,2023-01-02 11:20:00,0.0,0.0
3854821,2023-01-02 11:25:00,0.0,0.0
3854821,2023-01-02 11:30:00,0.0,0.0
3854821,2023-01-02 11:35:00,0.0,0.0
3854821,2023-01-02 11:40:00,0.0,0.0
3854821,2023-01-02 11:45:00,0.0,0.0
3854821,2023-01-02 11:50:00,0.0,0.0
3854821,2023-01-02 11:55:00,0.0,0.0
3854821,2023-01-02 12:00:00,0.0,0.0
3854821,2023-01-02 12:05:00,0.0,0.0
3854821,2023-01-02 12:10:00,0.0,0.0
3854821,2023-01-02 12:15:00,0.0,0.0
3854821,2023-01-02 12:20:00,0.0,0.0
3854821,2023-01-02 12:25:00,0.0,0.0
3854821,2023-01-02 12:30:00,0.0,0.0
3854821,2023-01-02 12:35:00,0.0,0.0
3854821,2023-01-02 12:40:00,0.0,0.0
3854821,2023-01-02 12:45:00,0.0,0.0
3854821,2023-01-02 12:50:00,0.0,0.0
3854821,2023-01-02 12:55:00,0.0,0.0
3854821,2023-01-02 13:00:00,0.0,0.0
3854821,2023-01-02 13:05:00,0.0,0.0
3854821,2023-01-02 13:10:00,0.0,0.0
3854821,2023-01-02 13:15:00,0.0,0.0
3854821,2023-01-02 13:20:00,0.0,0.0
3854821,2023-01-02 13:25:00,0.0,0.0
3854821,2023-01-02 13:30:00,0.0,0.0
3854821,2023-01-02 13:35:00,0.0,0.0
3854821,2023-01-02 13:40:00,0.0,0.0
3854821,2023-01-02 13:45:00,0.0,0.0
3854821,2023-01-02 13:50:00,0.0,0.0
3854821,2023-01-02 13:55:00,0.0,0.0
3854821,2023-01-02 14:00:00,0.0,0.0
3854821,2023-01-02 14:05:00,0.0,0.0
3854821,2023-01-02 14:10:00,0.0,0.0
3854821,2023-01-02 14:15:00,0.0,0.0
3854821,2023-01-02 14:20:00,0.0,0.0
3854821,2023-01-02 14:25:00,0.0,0.0
3854821,2023-01-02 14:30:00,0.0,0.0
3854821,2023-01-02 14:35:00,0.0,0.0
3854821,2023-01-02 14:40:00,0.0,0.0
3854821,2023-01-02 14:45:00,0.0,0.0
3854821,2023-01-02 14:50:00,0.0,0.0
3854821,2023-01-02 14:55:00,0.0,0.0
3854821,2023-01-02 15:00:00,0.0,0.0
3854821,2023-01-02 15:05:00,0.0,0.0
3854821,2023-01-02 15:10:00,0.0,0.0
3854821,2023-01-02 15:15:00,0.0,0.0
3854821,2023-01-02 15:20:00,0.0,0.0
3854821,2023-01-02 15:25:00,0.0,0.0
3854821,2023-01-02 15:30:00,0.0,0.0
3854821,2023-01-02 15:35:00,0.0,0.0
3854821,2023-01-02 15:40:00,0.0,0.0
3854821,2023-01-02 15:45:00,0.0,0.0
3854821,2023-01-02 15:50:00,0.0,0.0
3854821,2023-01-02 15:55:00,0.0,0.0
3854821,2023-01-02 16:00:00,0.0,0.0
3854821,2023-01-02 16:05:00,0.0,0.0
3854821,2023-01-02 16:10:00,0.0,0.0
3854821,2023-01-02 16:15:00,0.0,0.0
3854821,2023-01-02 16:20:00,0.0,0.0
3854821,2023-01-02 16:25:00,0.0,0.0
3854821,2023-01-02 16:30:00,0.0,0.0
3854821,2023-01-02 16:35:00,0.0,0.0
3854821,2023-01-02 16:40:00,0.0,0.0
3854821,2023-01-02 16:45:00,0.0,0.0
3854821,2023-01-02 16:50:00,0.0,0.0
3854821,2023-01-02 16:55:00,0.0,0.0
3854821,2023-01-02 17:00:00,0.0,0.0
3854821,2023-01-02 17:05:00,0.0,0.0
3854821,2023-01-02 17:10:00,0.0,0.0
3854821,2023-01-02 17:15:00,0.0,0.0
3854821,2023-01-02 17:20:00,0.0,0.0
3854821,2023-01-02 17:25:00,0.0,0.0
3854821,2023-01-02 17:30:00,0.0,0.0
3854821,2023-01-02 17:35:00,0.0,0.0
